url,type,severity,sample
https://lenta.ru/news/2024/10/15/lichnost-soldata-ssha-iz-podbitogo-pod-kurskom-btr-stryker-ustanovili/,none,0,place_random
https://lenta.ru/news/2023/01/25/udar/,none,0,place_random
https://lenta.ru/news/2023/09/08/chainaya/,none,0,place_random
https://lenta.ru/news/2024/01/11/poyavilis-podrobnosti-o-perehvachennom-nad-tulskoy-oblastyu-drone/,none,0,place_random
https://lenta.ru/news/2023/02/10/novosibirsk/,emergency,2,place_random
https://lenta.ru/news/2023/07/24/taran/,none,0,place_random
https://lenta.ru/news/2023/07/18/strr/,none,0,place_random
https://lenta.ru/news/2025/03/25/zhitelnitsa-kurskoy-oblasti-rasskazala-o-shesti-mesyatsah-vyzhivaniya-v-podvale/,attack,1,place_random
https://lenta.ru/news/2024/10/02/putin-otkryl-innovatsionnuyu-ploschadku-podgotovki-kolledzhey-v-rudnevo/,none,0,place_random
https://lenta.ru/news/2024/08/08/v-rossii-vyskazalis-o-rabotayuschih-v-moskve-migrantah/,none,0,place_random
https://lenta.ru/news/2024/09/19/rossiyskiy-voenkor-pokazal-kadry-s-zhalobami-boytsa-vsu-na-rossiyskih-voennyh-pod-kurskom/,none,0,place_random
https://lenta.ru/news/2024/10/18/nad-orlovskoy-oblastyu-sbili-esche-sem-bespilotnikov/,none,0,place_random
https://lenta.ru/news/2023/04/17/spochniki/,none,0,place_random
https://lenta.ru/news/2024/04/06/orskzifraaa/,emergency,2,place_random
https://lenta.ru/news/2024/04/08/vlasti-orenburga-zayavili-o-roste-urovnya-vody-v-reke-ural/,emergency,2,place_random
https://lenta.ru/news/2023/08/11/teratk/,none,0,place_random
https://lenta.ru/news/2024/06/20/pozhar-posle-vzryva-na-atakovannoy-bpla-neftebaze-v-tambovskoy-oblasti-snyali-na-video/,attack,1,place_random
https://lenta.ru/news/2024/08/23/stali-izvestny-usloviya-prozhivaniya-vyehavshih-iz-pod-obstrelov-v-kurskoy-oblasti-rossiyan/,attack,1,place_random
https://lenta.ru/news/2024/05/24/v-moskve-voditel-bmw-pereehal-vosmiletnyuyu-shkolnitsu/,none,0,place_random
https://lenta.ru/news/2024/02/26/uluchshen/,none,0,place_random
https://lenta.ru/news/2024/07/15/v-rossii-otvetili-na-slova-zelenskogo-o-neobhodimosti-uchastiya-moskvy-v-novom-sammite/,none,0,place_random
https://lenta.ru/news/2024/02/28/kreml-otreagiroval-na-ugrozy-neytralizovat-kaliningrad/,none,0,place_random
https://lenta.ru/news/2023/08/02/giuesw/,attack,1,place_random
https://lenta.ru/news/2024/06/26/profitruck/,none,0,place_random
https://lenta.ru/news/2023/12/15/v-moskve-nashli-prolezhavshuyu-mesyatsy-mumiyu-docheri-sovetskogo-aviakonstruktora/,none,0,place_random
https://lenta.ru/news/2023/07/30/ataka/,attack,1,place_random
https://lenta.ru/news/2025/01/16/kadyrov-pokazal-video-ohoty-na-vsu-operatorov-bpla-v-kurskoy-oblasti/,none,0,place_random
https://lenta.ru/news/2023/12/01/pozharnyy-sorvalsya-s-kryshi-pri-tushenii-ognya-na-rynke-sadovod-v-moskve/,none,0,place_random
https://lenta.ru/news/2024/05/29/nazvana-prichina-avariynoy-posadki-vertoleta-mi-8-v-murmanskoy-oblasti/,none,0,place_random
https://lenta.ru/news/2024/09/29/v-samarskoy-oblasti-nachali-tushit-lesnoy-pozhar/,emergency,1,place_random
https://lenta.ru/news/2024/09/15/nastroenie-bombovoe-v-moskvu-pribyli-osvobozhdennye-iz-ukrainy-plena-rossiyskie-voennye/,none,0,place_random
https://lenta.ru/news/2023/09/26/yakutia/,none,0,place_random
https://lenta.ru/news/2024/09/21/minoborony-zayavilo-o-nastuplenii-rossiyskih-voysk-v-kurskoy-oblasti/,attack,1,place_random
https://lenta.ru/news/2024/10/18/premii/,none,0,place_random
https://lenta.ru/news/2024/06/30/dom-tsiolkovskogo-v-ryazani-sgorel/,none,0,place_random
https://lenta.ru/news/2025/01/18/v-tulskoy-oblasti-potushili-pozhar-posle-ataki-drona-vsu/,attack,1,place_random
https://lenta.ru/news/2024/04/06/strahovye-kompanii-sbera-proizvedut-vyplaty-postradavshim-v-orske/,fiscal,1,place_random
https://lenta.ru/news/2025/03/13/alaudinov-nazval-chislo-nahodyaschihsya-pod-kontrolem-vsu-naselennyh-punktov-v-kurskoy-oblasti/,none,0,place_random
https://lenta.ru/news/2024/09/22/minoborony-nazvalo-poteri-vsu-za-vse-vremya-boev-v-kurskoy-oblasti/,none,0,place_random
https://lenta.ru/news/2024/02/08/pod-moskvoy-muzhchine-udalili-pochti-ves-zheludok-iz-za-ignorirovaniya-yazvy/,none,0,place_random
https://lenta.ru/news/2025/03/13/tela-soldat-vsu-s-prostrelennymi-golovami-snyali-na-video-v-kurskoy-oblasti/,none,0,place_random
https://lenta.ru/news/2024/12/18/moskva-vydelila-desyatki-gektarov-zemli-dlya-stroitelstva-kommercheskih-ob-ektov/,production_pos,1,place_random
https://lenta.ru/news/2024/10/09/bronemashina-vsu-popala-pod-udar-pri-popytke/,none,0,place_random
https://lenta.ru/news/2024/11/12/uvolnenie-glavy-atakovannogo-vsu-rayona-kurskoy-oblasti-vstretili-aplodismentami/,none,0,place_random
https://lenta.ru/news/2025/03/11/sobyanin-soobschil-o-65-likvidirovannyh-na-podlete-k-moskve-bpla/,none,0,place_random
https://lenta.ru/news/2025/01/07/v-rossii-vyskazalis-ob-ugrozah-ssha-pekinu-za-sotrudnichestvo-s-moskvoy/,none,0,place_random
https://lenta.ru/news/2024/11/30/rossiyanka-rasskazala-pro-rasstrely-vsu-mashin-s-mirnymi-zhitelyami-na-mostu-v-kurskoy-oblasti/,attack,1,place_random
https://lenta.ru/news/2024/08/08/ne-dolzhno-byt-nikakih-ogranicheniy-medvedev-nazval-vazhnoe-politicheskoe-posledstvie-ataki-vsu-na-kurskuyu-oblast/,none,0,place_random
https://lenta.ru/news/2024/10/21/poyavilis-podrobnosti-o-vyletevshem-v-reku-u-moskvy-siti-avtomobile/,none,0,place_random
https://lenta.ru/news/2024/08/20/komandir-ahmata-nazval-tsel-udarov-vsu-po-mostam-v-kurskoy-oblasti/,attack,1,place_random
https://lenta.ru/news/2023/03/30/pogibb/,none,0,place_random
https://lenta.ru/news/2024/08/02/kinoteatr-v-tsentre-moskvy-evakuirovali/,none,0,place_random
https://lenta.ru/news/2024/09/06/mobilnyy/,none,0,place_random
https://lenta.ru/news/2023/05/30/shvtkn/,none,0,place_random
https://lenta.ru/news/2023/05/06/postradali/,emergency,1,place_random
https://lenta.ru/news/2024/04/16/nazvana-tsena-samoy-deshevoy-komnaty-v-moskve/,none,0,place_random
https://lenta.ru/news/2024/06/13/v-peterburge-zhenschina-s-trehletnim-synom-vypali-iz-okna/,none,0,place_random
https://lenta.ru/news/2024/07/24/zhena-ofitsera-minoborony-otvetila-na-informatsiyu-o-podryve-ih-avto-v-moskve/,none,0,place_random
https://lenta.ru/news/2024/12/12/poyavilis-podrobnosti-o-sostoyanii-izbitoy-pod-moskvoy-shkolnitsy/,none,0,place_random
https://lenta.ru/news/2024/09/03/stal-izvesten-pokupatel-kvartiry-yumorista-inoagenta-shatsa-v-peterburge/,none,0,place_random
https://lenta.ru/news/2024/09/23/putin-poruchil-rassmotret-vopros-tselesoobraznosti-sozdaniya-tsentra-bespilotnikov-v-yakutii/,none,0,place_random
https://lenta.ru/news/2024/11/14/uvolennyy-pod-aplodismenty-glava-rayona-kurskoy-oblasti-rasskazal-o-planah-na-buduschee/,none,0,place_random
https://lenta.ru/news/2024/08/20/ochevidets-rasskazal-o-rasstrele-vsu-evakuirovavshihsya-cherez-reku-zhiteley-kurskoy-oblasti/,attack,1,place_random
https://lenta.ru/news/2024/02/10/naydeny-tela-pogibshih-pri-krushenii-vertoleta-mi-8-v-karelii/,none,0,place_random
https://lenta.ru/news/2024/04/10/mat-rasskazala-o-naydennyh-v-peterburge-troih-detey-maugli/,none,0,place_random
https://lenta.ru/news/2024/09/05/v-moskve-otkryli-novuyu-stantsiyu-metro/,none,0,place_random
https://lenta.ru/news/2024/04/09/dorozhnye-kamery-moskvy-nachali-fiksirovat-novoe-narushenie/,none,0,place_random
https://lenta.ru/news/2024/09/04/dva-ukrainskih-soldata-sdalis-v-plen-posle-popytok-shturma-v-kurskoy-oblasti/,none,0,place_random
https://lenta.ru/news/2024/03/20/vlasti-ob-yasnili-gromkie-zvuki-v-pskovskoy-oblasti/,none,0,place_random
https://lenta.ru/news/2024/12/14/v-orlovskoy-oblasti-lokalizovali-vozgoranie-topliva-posle-ataki-drona-vsu/,attack,1,place_random
https://lenta.ru/news/2025/03/11/ukraina-pytalas-udarit-po-vladimirskoy-oblasti/,none,0,place_random
https://lenta.ru/news/2025/03/11/vorobiev-raskryl-podrobnosti-o-postradavshih-v-rezultate-atak-bpla-pod-moskvoy/,attack,1,place_random
https://lenta.ru/news/2024/05/31/oblomki-sbitogo-v-kazani-bespilotnika-snyali-na-video/,none,0,place_random
https://lenta.ru/news/2024/08/29/raskryty-poteri-vsu-s-momenta-vtorzheniya-v-kurskuyu-oblast/,none,0,place_random
https://lenta.ru/news/2024/05/20/kv-micro/,none,0,place_random
https://lenta.ru/news/2024/08/09/vsu-snova-pytalis-atakovat-kurskuyu-oblast-raketami-i-bespilotnikami/,none,0,place_random
https://lenta.ru/news/2025/01/29/bespilotnik-pytalsya-udarit-po-kaluzhskoy-oblasti/,none,0,place_random
https://lenta.ru/news/2024/05/12/professor-voenmeha-pogib-v-rezultate-padeniya-avtobusa-v-reku-v-peterburge/,none,0,place_random
https://lenta.ru/news/2024/11/25/nazvana-vozmozhnaya-tsel-novoy-ataki-vsu-raketami-atacms-po-kurskoy-oblasti/,none,0,place_random
https://lenta.ru/news/2024/10/04/spetsialistov/,none,0,place_random
https://lenta.ru/news/2023/03/20/bpplka/,none,0,place_random
https://lenta.ru/news/2023/03/06/rtgd/,none,0,place_random
https://lenta.ru/news/2024/05/10/gubernator-peterburga-vyrazil-soboleznovaniya-posle-dtp-s-utonuvshim-avtobusom/,none,0,place_random
https://lenta.ru/news/2024/10/25/zhitelnitsa-kurskoy-oblasti-rasskazala-o-napravlyavshih-rakety-na-podvaly-s-zhitelyami-vsu/,attack,1,place_random
https://lenta.ru/news/2023/10/03/rabota/,none,0,place_random
https://lenta.ru/news/2024/07/02/deti/,none,0,place_random
https://lenta.ru/news/2024/08/24/rossiya-vernula-115-srochnikov-popavshih-v-plen-vsu-bolshinstvo-iz-nih-sluzhili-v-kurskoy-oblasti/,none,0,place_random
https://lenta.ru/news/2023/04/05/mechetkadyrov/,none,0,place_random
https://lenta.ru/news/2024/10/24/pochti-desyat-ukrainskih-soldat-udalos-vzyat-v-plen-v-kurskoy-oblasti/,none,0,place_random
https://lenta.ru/news/2024/07/28/glava-minoborony-pozdravil-voennosluzhaschih-i-veteranov-s-dnem-vmf-na-parade-v-peterburge/,none,0,place_random
https://lenta.ru/news/2024/08/15/soldaty-vsu-oskvernili-mogilu-boytsa-chvk-vagner-v-kurskoy-oblasti-i-poplatilis/,none,0,place_random
https://lenta.ru/news/2024/04/02/odnoy-iz-postradavshih-pri-atake-bpla-v-tatarstane-okazalas-inostranka/,attack,1,place_random
https://lenta.ru/news/2024/06/25/parkovka-podesheveet-na-nekotoryh-ulitsah-moskvy/,prices,1,place_random
https://lenta.ru/news/2025/03/25/nazvan-veroyatnyy-srok-polnogo-vyhoda-vsu-iz-kurskoy-oblasti/,none,0,place_random
https://lenta.ru/news/2023/08/21/dggr_exk/,none,0,place_random
https://lenta.ru/news/2024/08/20/minoborony-rossii-otchitalos-o-poiske-diversantov-v-lesah-kurskoy-oblasti/,none,0,place_random
https://lenta.ru/news/2024/08/20/v-kurskoy-oblasti-voennye-mediki-popali-v-zasadu-ukrainskoy-drg/,none,0,place_random
https://lenta.ru/news/2024/05/16/v-moskve-poteplelo/,none,0,place_random
https://lenta.ru/news/2024/03/13/muzhchina-pogib-pri-obstrele-kurskoy-oblasti/,attack,1,place_random
https://lenta.ru/news/2024/12/01/v-rossiyskom-regione-posle-ataki-bespilotnika-vspyhnul-pozhar/,attack,1,place_random
https://lenta.ru/news/2023/08/23/migrantttd/,none,0,place_random
https://lenta.ru/news/2023/07/30/zhurova/,none,0,place_random
https://lenta.ru/news/2025/01/22/v-moskve-otprazdnuyut-kitayskiy-novyy-god/,none,0,place_random
https://lenta.ru/news/2024/07/09/aeroporty-astrahani-i-volgograda-ogranichili-rabotu-na-fone-atak-bespilotnikov/,demand,1,place_random
https://lenta.ru/news/2024/05/09/v-moskve-nachalsya-parad-pobedy/,none,0,place_random
https://lenta.ru/news/2024/12/27/v-volgogradskoy-oblasti-proizoshlo-dtp-s-uchastiem-chetyreh-mashin/,none,0,place_random
https://lenta.ru/news/2024/03/17/sobyanin-dolozhil-ob-unichtozhenii-letevshego-na-moskvu-bespilotnika/,none,0,place_random
https://lenta.ru/news/2025/02/25/v-moskve-vzletel-spros-na-novostroyki-biznes-klassa/,demand,1,place_random
https://lenta.ru/news/2024/08/09/vlasti-raskryli-podrobnosti-ataki/,attack,1,place_random
https://lenta.ru/news/2023/07/01/krasnov/,none,0,place_random
https://lenta.ru/news/2024/02/08/nazvano-kolichestvo-postradavshih-pri-pozhare-na-gazoprovode-v-permskom-krae/,emergency,1,place_random
https://lenta.ru/news/2024/11/14/v-moskve-obrushilis-prodazhi-odnogo-tipa-zhilya/,demand,1,place_random
https://lenta.ru/news/2023/10/08/forum3/,none,0,place_random
https://lenta.ru/news/2023/11/26/pod-tveryu-obezvredili-bespilotnik/,none,0,place_random
https://lenta.ru/news/2025/01/30/kadyrov-pokazal-kadry-unichtozheniya-vsu-v-kurskoy-oblasti/,none,0,place_random
https://lenta.ru/news/2024/09/18/minzdrav-nazval-chislo-gospitalizirovannyh-posle-ataki-vsu-na-tverskuyu-oblast/,attack,1,place_random
https://lenta.ru/news/2025/03/10/pod-kurskom-nashli-telo-prevrativshego-v-krepost-zdanie-zhenskoy-kolonii-komandira/,none,0,place_random
https://lenta.ru/news/2024/12/19/hinshteyn-opisal-nekotorye-naselennye-punkty-kurskoy-oblasti-slovami-sneseny-s-litsa-zemli/,attack,2,place_random
https://lenta.ru/news/2023/11/28/gubernator-peterburga-rekomendoval-perevesti-rabotnikov-na-udalenku-iz-za-nepogody/,emergency,1,place_random
https://lenta.ru/news/2025/02/06/poyavilis-foto-s-nastupleniem-kolonny-vsu-v-kurskoy-oblasti/,attack,1,place_random
https://lenta.ru/news/2024/09/10/sily-pvo-sbili-esche-tri-bespilotnika-na-podlete-k-moskve/,none,0,place_random
https://lenta.ru/news/2024/01/21/v-portu-ust-lugi-zagorelsya-gazovyy-terminal-chp-proizoshlo-spustya-tri-dnya-posle-ataki-drona-na-leningradskuyu-oblast/,attack,1,place_random
https://lenta.ru/news/2024/08/26/gubernator-zayavil-o-postradavshey-posle-ataki-bespilotnikov-na-zhk-v-saratove/,attack,1,place_random
https://lenta.ru/news/2024/04/06/poyavilis-podrobnosti-o-pogibshih-pri-proryve-damby-v-orske/,emergency,2,place_random
https://lenta.ru/news/2024/10/03/nazvany-rayony-moskvy-s-naibolee-podeshevevshimi-novostroykami/,prices,1,place_random
https://lenta.ru/news/2024/08/08/zhiteli-zasnyali-rasstrelyannye-mashiny-i-voronki-ot-snaryadov-na-doroge-v-kurskoy-oblasti/,attack,1,place_random
https://lenta.ru/news/2023/04/10/fest/,none,0,place_random
https://lenta.ru/news/2024/09/02/nazvana-stoimost-samoy-deshevoy-kvartiry-sankt-peterburga/,none,0,place_random
https://lenta.ru/news/2024/05/03/pozhar-na-vostoke-moskvy-likvidirovali/,none,0,place_random
https://lenta.ru/news/2024/09/10/v-tulskoy-oblasti-oblomki-drona-upali-na-ob-ekt-toplivnogo-energeticheskogo-kompleksa/,attack,1,place_random
https://lenta.ru/news/2023/06/23/helpssvo/,none,0,place_random
https://lenta.ru/news/2023/08/28/dron/,none,0,place_random
https://lenta.ru/news/2024/09/02/v-minoborony-soobschili-ob-atakah-shturmovikov-vsu-v-kurskoy-oblasti/,none,0,place_random
https://lenta.ru/news/2024/01/14/ukrainskie-bpla-atakovali-poselok-v-kurskoy-oblasti/,attack,1,place_random
https://lenta.ru/news/2025/03/06/v-aeroportu-gorno-altayska-nachalas-rekonstruktsiya-vzletno-posadochnoy-polosy/,none,0,place_random
https://lenta.ru/news/2024/08/20/minoborony-soobschilo-o-popytkah-atak-vsu-v-kurskoy-oblasti/,none,0,place_random
https://lenta.ru/news/2024/05/16/obrazovatelnyh/,none,0,place_random
https://lenta.ru/news/2024/10/01/blinovskaya-izbavilas-ot-elitnoy-kvartiry-v-moskve/,none,0,place_random
https://lenta.ru/news/2023/11/20/desyatki-migrantov-podralis-na-stroyke-neboskreba-v-moskve-iz-za-ocheredi-na-obed/,none,0,place_random
https://lenta.ru/news/2023/08/15/voronka/,emergency,1,place_random
https://lenta.ru/news/2024/11/07/v-kaluzhskoy-oblasti-obnaruzhili-oblomki-bespilotnika/,none,0,place_random
https://lenta.ru/news/2024/09/04/v-kurskoy-oblasti-nashli-sotni-propavshih-vo-vremya-evakuatsii-zhiteley/,attack,1,place_random
https://lenta.ru/news/2023/11/22/passazhirskiy-poezd-stolknulsya-s-lokomotivom-v-ulyanovskoy-oblasti-postradali-desyatki-chelovek/,emergency,1,place_random
https://lenta.ru/news/2024/10/20/ochevidtsy-soobschili-o-moschnyh-vzryvah-v-nizhegorodskoy-oblasti/,attack,1,place_random
https://lenta.ru/news/2024/08/13/rabotayuschie-na-gazovoy-stantsii-ukraintsy-ischezli-posle-ataki-vsu-v-kurskoy-oblasti/,attack,1,place_random
https://lenta.ru/news/2023/09/17/cover/,demand,1,place_random
https://lenta.ru/news/2024/02/15/poyavilis-novye-podrobnosti-o-zagorevshihsya-zdaniyah-vo-dvore-izvestiy-v-moskve/,none,0,place_random
https://lenta.ru/news/2024/08/12/v-moskve-oblili-krasnoy-kraskoy-vhody-v-posolstvo-inostrannogo-gosudarstva/,none,0,place_random
https://lenta.ru/news/2024/12/16/sbory/,none,0,place_random
https://lenta.ru/news/2024/08/14/porazhenie/,none,0,place_random
https://lenta.ru/news/2024/11/27/v-moskve-ne-zafiksirovali-prirodnyh-pozharov/,none,0,place_random
https://lenta.ru/news/2024/09/26/nazvany-rayony-moskvy-s-samymi-deshevymi-novostroykami/,none,0,place_random
https://lenta.ru/news/2024/08/09/v-moskve-podorozhal-odin-tip-zhilya/,prices,1,place_random
https://lenta.ru/news/2024/10/23/v-sankt-peterburge-otkroyut-novyy-pivzavod/,production_pos,1,place_random
https://lenta.ru/news/2024/10/03/minoborony-soobschilo-kontratakah-vsu-v-kurskoy-oblasti/,none,0,place_random
https://lenta.ru/news/2025/02/18/hinshteyn-raskryl-podrobnosti-o-poiskah-propavshih-zhiteley-kurskoy-oblasti/,attack,1,place_random
https://lenta.ru/news/2024/12/24/v-moskve-poyavilas-zmeya/,none,0,place_random
https://lenta.ru/news/2024/04/11/stalo-izvestno-sostoyanie-zhivshih-v-podvale-detey-maugli-iz-sankt-peterburga/,none,0,place_random
https://lenta.ru/news/2024/11/10/v-ramenskom-posle-padeniya-bespilotnikov-zagorelis-dva-doma/,attack,1,place_random
https://lenta.ru/news/2024/03/12/pozhar-v-promzone-nizhegorodskoy-oblasti-posle-ataki-bespilotnika-lokalizovali/,attack,1,place_random
https://lenta.ru/news/2024/08/20/v-atakuemoy-ukrainoy-kurskoy-oblasti-prekratyat-rassylku-sms-o-raketnoy-opasnosti/,none,0,place_random
https://lenta.ru/news/2023/10/07/drone07/,none,0,place_random
https://lenta.ru/news/2023/10/25/obstrel-so-storony-ukrainy-povredil-tri-doma-v-kurskoy-oblasti/,attack,1,place_random
https://lenta.ru/news/2024/10/11/pod-moskvoy-pensioner-edva-ne-ogloh-posle-chistki-ushey-spichkoy/,none,0,place_random
https://lenta.ru/news/2024/05/30/stalo-izvestno-o-massovom-sboe-vo-vremya-sdachi-shkolnikami-gosekzamena-v-moskve/,none,0,place_random
https://lenta.ru/news/2025/01/05/v-rezultate-pozhara-v-kirovskoy-oblasti-pogibli-tri-cheloveka/,none,0,place_random
https://lenta.ru/news/2023/10/25/v-moskve-nachali-proveryat-ne-vstavshih-na-voinskiy-uchet-migrantov-s-pasportami-rf/,none,0,place_random
https://lenta.ru/news/2024/10/18/begstvo-boytsov-vsu-iz-polukotla-v-kurskoy-oblasti-popalo-na-video/,none,0,place_random
https://lenta.ru/news/2023/07/04/kino/,none,0,place_random
https://lenta.ru/news/2024/03/04/stali-izvestny-detali-obnaruzheniya-vtorogo-atakovavshego-peterburg-bespilotnika/,none,0,place_random
https://lenta.ru/news/2024/03/02/v-peterburge-upal-bespilotnik/,none,0,place_random
https://lenta.ru/news/2024/07/28/dva-ukrainskih-drona-sbili-nad-nizhegorodskoy-oblastyu/,none,0,place_random
https://lenta.ru/news/2023/11/01/pod-moskvoy-deti-massovo-otravilis-v-uchilische/,none,0,place_random
https://lenta.ru/news/2024/10/15/v-kurskoy-oblasti-soobschili-o-popytke-vsu-sovershit-raketnuyu-ataku/,none,0,place_random
https://lenta.ru/news/2024/12/09/asad/,none,0,place_random
https://lenta.ru/news/2024/05/08/vlasti-soobschili-ob-izmenenii-tarifov-na-proezd-v-gorodskom-transporte-moskvy/,prices,1,place_random
https://lenta.ru/news/2024/04/14/uroven-urala/,emergency,1,place_random
https://lenta.ru/news/2024/11/05/vs-rossii-ustanovili-minnyy-shlagbaum-pod-kurskom-eto-pomoglo-perekryt-marshrut-proryva-vsu/,none,0,place_random
https://lenta.ru/news/2024/01/07/pozdravil/,none,0,place_random
https://lenta.ru/news/2024/09/06/komandir-ahmata-rasskazal-ob-obstanovke-v-kurskoy-oblasti/,none,0,place_random
https://lenta.ru/news/2024/03/13/v-kurskoy-oblasti-pvo-sbila-dva-bpla/,none,0,place_random
https://lenta.ru/news/2023/08/30/pskov_drones/,attack,1,place_random
https://lenta.ru/news/2023/07/06/carsusaa/,none,0,place_random
https://lenta.ru/news/2025/02/25/nazvana-tsena-samoy-deshevoy-kvartiry-v-peterburge/,none,0,place_random
https://lenta.ru/news/2024/10/12/glava-dagestan-poobeschal-pomoch-chechne-posle-tragedii-na-avtozapravke/,emergency,1,place_random
https://lenta.ru/news/2023/09/17/obstelll/,attack,1,place_random
https://lenta.ru/news/2023/12/14/nazvany-vozmozhnye-tseli-sbityh-pod-moskvoy-bespilotnikov/,none,0,place_random
https://lenta.ru/news/2023/07/24/kadry/,attack,1,place_random
https://lenta.ru/news/2024/12/24/zhiteli-kurskoy-oblasti-rasskazali-o-spasenii-pri-otstuplenii-vsu/,attack,1,place_random
https://lenta.ru/news/2024/04/12/uroven-vody-reki-ural-v-orenburge-dostig-novogo-maksimuma/,emergency,2,place_random
https://lenta.ru/news/2025/03/06/unichtozhenie-pryatavshihsya-v-domah-pod-kurskom-boytsov-vsu-popalo-na-video/,none,0,place_random
https://lenta.ru/news/2025/03/14/opisana-obstanovka-v-kurskoy-oblasti-posle-osvobozhdeniya-sudzhi/,attack,1,place_random
https://lenta.ru/news/2024/12/21/podvergshiysya-atake-bespilotnikov-v-kazani-elitnyy-zhk-proveryat-na-nalichie-ugroz/,attack,1,place_random
https://lenta.ru/news/2024/11/19/armiya-rossii-unichtozhila-ukrainskiy-leopard-2-v-kurskoy-oblasti/,none,0,place_random
https://lenta.ru/news/2024/08/23/mesta/,production_pos,1,place_random
https://lenta.ru/news/2023/09/27/sostav_mer/,none,0,place_random
https://lenta.ru/news/2024/10/18/pod-moskvoy-devochka-kvadrober-s-lezviyami-vmesto-kogtey-istsarapala-sverstnitsu/,none,0,place_random
https://lenta.ru/news/2025/03/19/zhitelnitsa-kurskoy-oblasti-rasskazala-o-vyvozivshih-vse-iz-domov-s-oruzhiem-boytsov-vsu/,attack,1,place_random
https://lenta.ru/news/2023/08/02/urbanhealth/,none,0,place_random
https://lenta.ru/news/2023/09/07/drone/,none,0,place_random
https://lenta.ru/news/2023/06/21/dronss/,none,0,place_random
https://lenta.ru/news/2025/03/18/glava-bashkirii-raskryl-podrobnosti-o-sgorevshih-zazhivo-v-kvartire-pyati-detyah-i-vzroslom/,none,0,place_random
https://lenta.ru/news/2024/12/03/minoborony-rossii-soobschilo-o-sotnyah-unichtozhennyh-boytsah-vsu-pod-kurskom/,none,0,place_random
https://lenta.ru/news/2023/08/30/il76_pskov/,attack,1,place_random
https://lenta.ru/news/2024/12/27/inostrannye-naemniki-nachali-obsluzhivat-tehniku-vsu-v-kurskoy-oblasti/,none,0,place_random
https://lenta.ru/news/2025/03/10/karaulova-kv/,none,0,place_random
https://lenta.ru/news/2024/12/20/glava-rayona-v-kurskoy-oblasti-raskryl-detali-massirovannogo-raketnogo-obstrela/,attack,1,place_random
https://lenta.ru/news/2024/09/18/vozmozhnoy-tselyu-ataki-vsu-po-tverskoy-oblasti-nazvali-ogromnyy-sklad-boepripasov/,attack,1,place_random
https://lenta.ru/news/2024/07/21/v-dvuh-rayonah-buryatii-ob-yavili-rezhim-chs/,emergency,2,place_random
https://lenta.ru/news/2023/06/06/pogar/,none,0,place_random
https://lenta.ru/news/2024/07/05/orhana-snyali-iz-kosmosa/,none,0,place_random
https://lenta.ru/news/2024/06/29/v-rossii-prizovut-mezhdunarodnye-organy-osudit-ataku-vsu-v-kurskoy-oblasti/,none,0,place_random
https://lenta.ru/news/2025/03/14/hinshteyn-obratilsya-k-zhitelyam-kurskoy-oblasti-na-fone-zakrytiya-v-ezda-v-naselennye-punkty/,attack,1,place_random
https://lenta.ru/news/2023/08/30/rya_vzr/,none,0,place_random
https://lenta.ru/news/2025/01/29/orhideya-obezyana/,none,0,place_random
https://lenta.ru/news/2024/09/11/minoborony-soobschilo-o-novoy-atake-vsu-v-kurskoy-oblasti/,none,0,place_random
https://lenta.ru/news/2023/03/29/kls/,emergency,1,place_random
https://lenta.ru/news/2024/01/04/desyatki-domov-v-moskve-ostalis-v-moroz-bez-sveta-iz-za-pozhara-na-podstantsii/,emergency,1,place_random
https://lenta.ru/news/2024/02/07/v-moskve-shestiklassnitsa-vypala-iz-okna-desyatogo-etazha-i-vyzhila/,none,0,place_random
https://lenta.ru/news/2024/10/22/voznikshiy-posle-otrazheniya-ataki-bpla-pozhar-v-tulskoy-oblasti-popal-na-video/,attack,1,place_random
https://lenta.ru/news/2023/09/17/onemore/,none,0,place_random
https://lenta.ru/news/2024/08/02/festivalya/,none,0,place_random
https://lenta.ru/news/2023/05/30/atak_komment/,none,0,place_random
https://lenta.ru/news/2024/07/26/putin-posetit-parad-v-peterburge-na-den-vmf/,none,0,place_random
https://lenta.ru/news/2025/01/15/v-moskve-upal-spros-na-novostroyki/,demand,1,place_random
https://lenta.ru/news/2025/02/27/rossiyskiy-voennyy-rasskazal-ob-obstanovke-v-kurskoy-oblasti/,none,0,place_random
https://lenta.ru/news/2024/12/26/hinshteyn-opisal-obstanovku-v-podvergshemsya-massirovannomu-obstrelu-vsu-lgove/,fiscal,1,place_random
https://lenta.ru/news/2024/12/07/kol-tsentr-programmy-itogi-goda-s-vladimirom-putinym-nachal-prinimat-voprosy-s-kamchatki/,none,0,place_random
https://lenta.ru/news/2023/04/26/poruchil/,emergency,1,place_random
https://lenta.ru/news/2023/10/30/glava-dagestana-pribyl-v-aeroport-mahachkaly-posle-besporyadkov/,none,0,place_random
https://lenta.ru/news/2023/04/07/kyrskaya/,none,0,place_random
https://lenta.ru/news/2024/08/29/zhitel-rasskazal-ob-obstrele-vsu-obestochennyh-domov-v-kurskoy-oblasti/,attack,1,place_random
https://lenta.ru/news/2023/09/19/sit/,none,0,place_random
https://lenta.ru/news/2023/06/07/ulyanovsk/,none,0,place_random
https://lenta.ru/news/2024/08/15/perebrosk-podrazdeleniy-vsu/,none,0,place_random
https://lenta.ru/news/2024/05/09/moskva-popala-v-top-50-bogateyshih-gorodov-mira/,none,0,place_random
https://lenta.ru/news/2023/12/02/pochti-200-chelovek-evakuirovali-iz-hostela-v-moskve-iz-za-pozhara/,none,0,place_random
https://lenta.ru/news/2024/11/15/v-moskve-zakonchilsya-sezon-elektrosamokatov/,none,0,place_random
https://lenta.ru/news/2024/03/09/v-kurskoy-oblasti-ob-yavlena-raketnaya-opasnost/,none,0,place_random
https://lenta.ru/news/2024/04/07/v-mchs-rossii-zayavil-o-gotovnosti-nachat-likvidatsiyu-posledstviy-pavodka-v-orske/,emergency,2,place_random
https://lenta.ru/news/2024/10/03/klassnyh/,none,0,place_random
https://lenta.ru/news/2024/06/10/bespilotnik-popytalsya-atakovat-yaroslavskuyu-oblast/,none,0,place_random
https://lenta.ru/news/2024/08/08/medvedev-prizval-izvlech-urok-iz-ataki-vsu-na-kurskuyu-oblast/,none,0,place_random
https://lenta.ru/news/2023/08/08/newzech/,production_pos,1,place_random
https://lenta.ru/news/2024/05/29/v-sovfede-ob-yasnili-slova-trampa-o-gotovnosti-bombit-moskvu/,none,0,place_random
https://lenta.ru/news/2023/07/04/starvvds/,attack,1,place_random
https://lenta.ru/news/2024/06/03/izvestnyy-rossiyskiy-akter-vyskazalsya-o-zhestokosti-moskvy/,none,0,place_random
https://lenta.ru/news/2023/04/04/mo/,none,0,place_random
https://lenta.ru/news/2023/11/17/ukrainskie-bespilotniki-unichtozhili-v-smolenskoy-oblasti/,none,0,place_random
https://lenta.ru/news/2025/02/04/vlasti-respubliki-altay-zayavili-o-planah-po-perezagruzke-sfery-turizma/,demand,1,place_random
https://lenta.ru/news/2024/04/06/tri-poselka-v-orske-okazalis-pod-ugrozoy-podtopleniya/,emergency,1,place_random
https://lenta.ru/news/2024/03/17/sredstva-pvo-sbili-chetyre-drona-v-yaroslavskoy-oblasti/,none,0,place_random
https://lenta.ru/news/2023/10/26/migranty_svo/,none,0,place_random
https://lenta.ru/news/2024/11/09/mchs-podtverdilo-chislo-postradavshih-ot-vzryva-gaza-v-moskve/,emergency,1,place_random
https://lenta.ru/news/2024/10/19/spasateli-nashli-chetvertoe-telo-na-meste-vzryva-gaza-v-tambovskoy-oblasti/,emergency,1,place_random
https://lenta.ru/news/2024/04/02/rebenok-zastryal-v-skameyke-pod-moskvoy/,none,0,place_random
https://lenta.ru/news/2024/09/22/semya-iz-shesti-chelovek-otravilas-pelmenyami-iz-magazina-pod-krasnoyarskom-troe-detey-ne-vyzhili-chto-ob-etom-izvestno/,none,0,place_random
https://lenta.ru/news/2024/10/02/rossiyskaya-aviatsiya-i-artilleriya-udarili-po-vsu-v-kurskoy-oblasti/,none,0,place_random
https://lenta.ru/news/2023/06/09/neiro/,none,0,place_random
https://lenta.ru/news/2023/03/03/boom_in_da_air/,none,0,place_random
https://lenta.ru/news/2024/10/14/sinoptik-otsenila-veroyatnost-vypadeniya-snega-v-moskve-do-kontsa-mesyatsa/,none,0,place_random
https://lenta.ru/news/2024/08/16/devushka/,none,0,place_random
https://lenta.ru/news/2024/08/12/zhiteli-kurskoy-oblasti-rasskazali-o-pervyh-chasah-posle-nachala-obstrelov-vsu/,attack,1,place_random
https://lenta.ru/news/2023/01/15/kino/,none,0,place_random
https://lenta.ru/news/2024/10/28/bolee-10-bytovok-zagorelis-na-stroyploschadke-v-moskve/,none,0,place_random
https://lenta.ru/news/2025/01/09/nazvana-glavnaya-tsel-posledney-popytki-nastupleniya-vsu-v-kurskoy-oblasti/,none,0,place_random
https://lenta.ru/news/2024/12/06/byvshiy-voennyy-rasskazal-ob-obstrelah-vsu-naselennyh-punktov-kurskoy-oblasti/,attack,1,place_random
https://lenta.ru/news/2024/07/21/ukrainka-izbila-neznakomogo-rebenka-v-moskve/,none,0,place_random
https://lenta.ru/news/2024/08/02/roditeli-podryvnika-avto-v-moskve-rasskazali-o-ego-ukrainskih-kornyah/,none,0,place_random
https://lenta.ru/news/2024/09/23/imam-kurskoy-oblasti-rasskazal-ob-evakuatsii-80-letnego-zhitelya/,attack,1,place_random
https://lenta.ru/news/2024/04/23/vsu-neskolko-raz-udarili-po-kurskoy-oblasti/,attack,1,place_random
https://lenta.ru/news/2024/03/19/v-amurskoy-oblasti-vveli-regionalnyy-rezhim-chs-iz-za-obvala-na-rudnike/,emergency,2,place_random
https://lenta.ru/news/2024/07/27/putin-podpisal-ukaz-o-provedenii-glavnogo-voenno-morskogo-parada-v-peterburge/,none,0,place_random
https://lenta.ru/news/2024/11/03/tri-cheloveka-postradali-pri-atake-vsu-na-kurskuyu-oblast/,attack,1,place_random
https://lenta.ru/news/2023/08/28/rosaviation/,demand,1,place_random
https://lenta.ru/news/2024/12/18/poyavilsya-spisok-postradavshih-pri-stolknovenii-dvuh-poezdov-pod-murmanskom/,emergency,1,place_random
https://lenta.ru/news/2025/03/14/hinshteyn-rasskazal-o-provedshih-bolee-polugoda-na-ukraine-zhitelyah-kurskoy-oblasti/,none,0,place_random
https://lenta.ru/news/2023/04/19/motocycle/,none,0,place_random
https://lenta.ru/news/2024/09/16/v-moskve-voditel-zadavil-detey-na-peshehodnom-perehode/,none,0,place_random
https://lenta.ru/news/2024/04/08/postradavshie-ot-pavodka-v-orske-semi-poluchat-vyplaty-v-100-tysyach-rubley/,fiscal,1,place_random
https://lenta.ru/news/2023/02/01/peregovory/,none,0,place_random
https://lenta.ru/news/2024/10/23/minoborony-raskrylo-podrobnosti-o-situatsii-v-kurskoy-oblasti/,none,0,place_random
https://lenta.ru/news/2024/09/10/sily-pvo-likvidirovali-esche-dva-letevshih-na-moskvu-bespilotnika/,none,0,place_random
https://lenta.ru/news/2024/10/22/razrushennaya-iz-za-atak-vsu-tserkov-v-kurskoy-oblasti-popala-na-video/,attack,1,place_random
https://lenta.ru/news/2023/06/15/standdd/,none,0,place_random
https://lenta.ru/news/2024/09/18/minoborony-rasskazalo-o-hode-kontratak-vsu-v-kurskoy-oblasti/,none,0,place_random
https://lenta.ru/news/2023/10/20/v-peterburge-trehletniy-malchik-ostalsya-v-komnate-bez-prismotra-i-popal-v-bolnitsu/,none,0,place_random
https://lenta.ru/news/2024/08/21/chislo-zhertv-atak-vsu-v-kurskoy-oblasti-vozroslo/,attack,1,place_random
https://lenta.ru/news/2024/09/24/poyavilis-podrobnosti-o-prichine-otravleniya-semi-i-smerti-chetyreh-detey-pod-krasnoyarskom/,none,0,place_random
https://lenta.ru/news/2024/05/10/iz-utonuvshego-avtobusa-v-peterburge-dostali-vosem-chelovek/,none,0,place_random
https://lenta.ru/news/2025/02/06/opublikovany-kadry-unichtozheniya-bronetehniki-shturmovyh-grupp-vsu-v-kurskoy-oblasti/,none,0,place_random
https://lenta.ru/news/2024/08/09/rossiyskiy-general-nazval-dva-vyvoda-posle-atak-vsu-na-kurskuyu-oblast/,none,0,place_random
https://lenta.ru/news/2023/03/19/bespilottt/,none,0,place_random
https://lenta.ru/news/2024/08/21/istrebitel-vsu-sbit-pri-popytke-udarit-po-kurskoy-oblasti/,none,0,place_random
https://lenta.ru/news/2023/01/18/umer/,none,0,place_random
https://lenta.ru/news/2023/08/28/dtpdeti/,none,0,place_random
https://lenta.ru/news/2023/11/23/poyavilis-podrobnosti-o-prichine-lobovogo-stolknoveniya-poezdov-pod-ulyanovskom/,emergency,1,place_random
https://lenta.ru/news/2024/04/02/chislo-postradavshih-pri-atakah-bpla-v-tatarstane-snova-vozroslo/,attack,1,place_random
https://lenta.ru/news/2024/03/25/glava-novoy-gollandii/,none,0,place_random
https://lenta.ru/news/2024/04/24/poyavilis-novye-dannye-ob-atakovavshih-ob-ekty-tek-pod-smolenskom-bespilotnikah/,attack,1,place_random
https://lenta.ru/news/2025/02/14/illyuzionist-sergey-safronov-zayavil-o-vozmozhnosti-sozdaniya-v-moskve-innovatsionnogo-tsirka/,none,0,place_random
https://lenta.ru/news/2024/12/30/v-moskve-deti-otravilis-pelmenyami-iz-vkusvilla/,none,0,place_random
https://lenta.ru/news/2023/08/30/ataka_mo/,none,0,place_random
https://lenta.ru/news/2025/01/23/rossiyskiy-voennyy-zayavil-o-dobivanii-vsu-mirnyh-zhiteley-v-podvalah-kurskoy-oblasti/,attack,1,place_random
https://lenta.ru/news/2024/12/15/v-peterburge-pozhar/,none,0,place_random
https://lenta.ru/news/2023/08/01/bespilot/,none,0,place_random
https://lenta.ru/news/2024/05/10/k-perevozchiku-utonuvshego-v-peterburge-avtobusa-pred-yavlyalis-pretenzii/,none,0,place_random
https://lenta.ru/news/2024/08/06/vlasti-kurskoy-oblasti-soobschili-ob-uvelichenii-chisla-ranenyh-posle-atak-vsu-zhiteley/,attack,1,place_random
https://lenta.ru/news/2025/01/03/mirnogo-zhitelya-ne-stalo-iz-za-ataki-ukrainskogo-drona-v-kurskoy-oblasti/,attack,1,place_random
https://lenta.ru/news/2024/04/18/kadyrov-obratilsya-k-rukovodstvu-dagestana-posle-zaderzhaniya-glavy-mchs-chechni/,none,0,place_random
https://lenta.ru/news/2024/12/20/nazvana-vozmozhnaya-versiya-unesshego-zhizni-pyati-dezertirov-pozhara-v-izolyatore-v-yakutske/,none,0,place_random
https://lenta.ru/news/2024/07/12/glava-orlovskoy-oblasti-nazval-vlasti-zatoplennogo-vesnoy-orska-polnymi-bezdelnikami/,none,0,place_random
https://lenta.ru/news/2023/12/01/neiroekg/,none,0,place_random
https://lenta.ru/news/2025/01/09/v-rossii-vyskazalis-o-roste-podderzhki-moskvy-v-evrope/,none,0,place_random
https://lenta.ru/news/2023/11/17/trofey/,none,0,place_random
https://lenta.ru/news/2023/04/20/ssskl/,none,0,place_random
https://lenta.ru/news/2025/01/15/postradavshim-ot-pavodkov-v-orenburge-vyplatili-milliardy-rubley/,fiscal,2,place_random
https://lenta.ru/news/2023/11/14/chetyre-ukrainskih-bpla-sbity-nad-moskovskoy-tambovskoy-i-bryanskoy-oblastyami/,none,0,place_random
https://lenta.ru/news/2024/04/18/v-kurgane-iz-za-protechki-damby-zarabotala-sirena-s-prizyvom-k-evakuatsii/,emergency,2,place_random
https://lenta.ru/news/2025/03/19/kriminalnaya-komediya-gde-nashi-dengi-vladimira-zinkevicha-vyydet-v-kinoteatrah-strany/,none,0,place_random
https://lenta.ru/news/2023/07/07/advocatee/,none,0,place_random
https://lenta.ru/news/2024/07/29/vlasti-soobschili-o-pogibshem-iz-za-proryva-damby-v-karelii/,emergency,1,place_random
https://lenta.ru/news/2023/09/26/odincc/,none,0,place_random
https://lenta.ru/news/2025/03/11/sotrudnik-miratorga-pogib-pri-atake-bpla-pod-moskvoy/,attack,1,place_random
https://lenta.ru/news/2024/05/20/v-kurskoy-oblasti-ob-yavili-opasnost-ataki-dronov/,none,0,place_random
https://lenta.ru/news/2023/01/10/vertt/,none,0,place_random
https://lenta.ru/news/2023/09/20/vryv4/,emergency,1,place_random
https://lenta.ru/news/2025/03/11/rabotu-robota-sapera-v-moskve-posle-padeniya-bpla-snyali-na-video/,none,0,place_random
https://lenta.ru/news/2025/03/27/voenbloger-raskryl-detali-nastupleniya-armii-rossii-v-kurskoy-oblasti/,none,0,place_random
https://lenta.ru/news/2024/06/19/reiting/,none,0,place_random
https://lenta.ru/news/2024/12/16/rossiyskiy-voennyy-opisal-boi-za-selo-v-kurskoy-oblasti-frazoy-byli-ochen-slozhnye/,none,0,place_random
https://lenta.ru/news/2024/03/15/v-moskve-otkrylis-uchastki-dlya-golosovaniya-na-vyborah-prezidenta/,none,0,place_random
https://lenta.ru/news/2024/06/05/sotrudnichestve/,production_pos,1,place_random
https://lenta.ru/news/2023/08/28/moment/,none,0,place_random
https://lenta.ru/news/2025/01/29/compens/,none,0,place_random
https://lenta.ru/news/2025/01/31/v-moskve-v-zdanii-byvshego-zavoda-s-hostelom-proizoshel-moschnyy-pozhar/,none,0,place_random
https://lenta.ru/news/2023/05/03/bplamsk/,demand,1,place_random
https://lenta.ru/news/2024/10/30/v-peterburge-zatopilo-naberezhnuyu/,emergency,1,place_random
https://lenta.ru/news/2024/11/12/glavu-rayona-v-kurskoy-oblasti-uvolili-po-trebovaniyu-mestnyh-zhiteley-pereselentsy-zhalovalis-na-bezrazlichie-chinovnika/,attack,1,place_random
https://lenta.ru/news/2023/02/20/piterss/,none,0,place_random
https://lenta.ru/news/2024/11/03/ekstrenno/,none,0,place_random
https://lenta.ru/news/2024/09/14/unichtozhenie-gruppirovki-vsu-v-lesnom-massive-kurskoy-oblasti-popalo-na-video/,none,0,place_random
https://lenta.ru/news/2023/12/05/devyataya-gruppa-osvobozhdennyh-iz-sektora-gaza-pribyla-v-moskvu/,none,0,place_random
https://lenta.ru/news/2023/09/21/pozhar_tuzhenie/,none,0,place_random
https://lenta.ru/news/2024/11/05/bibliotek/,none,0,place_random
https://lenta.ru/news/2023/07/28/ne_pos/,none,0,place_random
https://lenta.ru/news/2025/02/25/poteri-vsu-pri-popytkah-rotatsii-v-kurskoy-oblasti-otsenili/,none,0,place_random
https://lenta.ru/news/2023/08/01/atakss/,none,0,place_random
https://lenta.ru/news/2024/03/15/vlasti-rasskazali-podrobnosti-ob-otrazhenii-ataki-bpla-v-kaluzhskoy-oblasti/,none,0,place_random
https://lenta.ru/news/2024/08/01/stolichnyh/,none,0,place_random
https://lenta.ru/news/2024/09/19/zhitel-kurskoy-oblasti-rasskazal-o-nochevke-v-tserkvi-vo-vremya-obstrelov-vsu/,attack,1,place_random
https://lenta.ru/news/2025/01/20/poyavilis-podrobnosti-ob-obnaruzhennom-u-zhilogo-doma-v-kazani-oblomke-bpla/,none,0,place_random
https://lenta.ru/news/2023/08/28/omskaya/,none,0,place_random
https://lenta.ru/news/2024/12/12/vsu-snova-popytalis-atakovat-kurskuyu-oblast/,none,0,place_random
https://lenta.ru/news/2024/09/18/v-toroptse-otrazhayut-massovuyu-ataku-bpla-ob-yavlena-chastichnaya-evakuatsiya/,attack,2,place_random
https://lenta.ru/news/2024/07/16/stalo-izvestno-vremya-prodleniya-trassy-m-12-do-tyumeni/,production_pos,1,place_random
https://lenta.ru/news/2024/06/13/vlasti-raskryli-podrobnosti-popytki-ataki-drona-vsu-vo-vladimirskoy-oblasti/,none,0,place_random
https://lenta.ru/news/2025/02/19/nazvan-rayon-moskvy-v-podorozhavshimi-v-dva-raza-novostroykami/,prices,1,place_random
https://lenta.ru/news/2023/04/14/pogib/,none,0,place_random
https://lenta.ru/news/2023/07/27/crash_video/,none,0,place_random
https://lenta.ru/news/2024/08/14/gubernator-soobschil-o-popytke-udara-vsu-bespilotnikami-po-nizhegorodskoy-oblasti/,none,0,place_random
https://lenta.ru/news/2024/08/07/v-minzdrave-nazvali-chislo-postradavshih-pri-obstrelah-v-kurskoy-oblasti/,attack,1,place_random
https://lenta.ru/news/2023/08/18/bms/,attack,1,place_random
https://lenta.ru/news/2024/09/11/stalo-izvestno-ob-evakuatsii-bolee-150-tysyach-zhiteley-kurskoy-oblasti/,attack,2,place_random
https://lenta.ru/news/2024/10/15/v-moskve-poteplelo/,none,0,place_random
https://lenta.ru/news/2023/12/17/vlasti-rasskazali-ob-atake-bpla-na-lipetskuyu-oblast/,attack,1,place_random
https://lenta.ru/news/2024/09/10/vorobiev-raskryl-novye-dannye-po-postradavshim-iz-za-ataki-bpla-v-ramenskom/,attack,1,place_random
https://lenta.ru/news/2023/08/03/ekat/,emergency,1,place_random
https://lenta.ru/news/2025/02/07/v-moskve-stanet-menshe-premialnyh-kvartir/,demand,1,place_random
https://lenta.ru/news/2024/04/08/nazvany-vozmozhnye-prichiny-obrusheniya-mosta-s-mashinami-v-smolenskoy-oblasti/,emergency,1,place_random
https://lenta.ru/news/2024/02/20/v-peterburge-pensioner-poskolznulsya-na-ldu-u-tts-i-poluchil-razryv-selezenki/,none,0,place_random
https://lenta.ru/news/2023/07/28/dron/,none,0,place_random
https://lenta.ru/news/2023/06/03/belousov/,none,0,place_random
https://lenta.ru/news/2024/06/26/minoborony-raskrylo-podrobnosti-popytki-ataki-vsu-na-smolenskuyu-oblast/,none,0,place_random
https://lenta.ru/news/2024/10/14/ukraina-atakovala-otbitye-rossiey-naselennye-punkty-pod-kurskom/,attack,1,place_random
https://lenta.ru/news/2023/08/07/orlovskaya/,none,0,place_random
https://lenta.ru/news/2025/01/17/uchastnik-svo-iz-dagestana-21-den-oboronyal-blindazh/,none,0,place_random
https://lenta.ru/news/2024/04/15/liksutov/,none,0,place_random
https://lenta.ru/news/2024/08/15/rossiyskie-voyska-presekli-popytki-proryva-formirovaniy-vsu-v-kurskoy-oblasti/,none,0,place_random
https://lenta.ru/news/2023/11/15/nazvana-data-vyvoza-v-moskvu-evakuirovannyh-iz-gazy-rossiyan/,none,0,place_random
https://lenta.ru/news/2024/02/09/opublikovano-video-pozhara-v-zhilom-dome-v-moskve/,none,0,place_random
https://lenta.ru/news/2024/05/29/v-sovfede-otvetili-na-ugrozy-trampa-bombit-moskvu/,none,0,place_random
https://lenta.ru/news/2024/03/30/pobediteley/,none,0,place_random
https://lenta.ru/news/2023/07/07/dvoynik/,none,0,place_random
https://lenta.ru/news/2024/11/11/sbros-aviabomby-na-vzvod-rdk-posle-neskolkih-chasov-slezhki-pod-kurskom-snyali-na-video/,none,0,place_random
https://lenta.ru/news/2023/07/20/besp/,attack,1,place_random
https://lenta.ru/news/2024/12/24/msk-sneg/,none,0,place_random
https://lenta.ru/news/2024/08/27/vsu-rasstrelyali-mashiny-evakuiruyuschihsya-zhiteley-kurskoy-oblasti-bezhentsy-popali-pod-obstrel-vosmi-tankov/,attack,1,place_random
https://lenta.ru/news/2025/01/22/offensive/,none,0,place_random
https://lenta.ru/news/2023/10/29/tolpa-v-aeroportu-mahachkaly-okruzhila-samolet-na-vpp/,demand,1,place_random
https://lenta.ru/news/2023/04/06/ldpr_pam/,none,0,place_random
https://lenta.ru/news/2025/02/07/naznachen-ispolnyayuschiy-obyazannosti-glavy-novgorodskoy-oblasti/,none,0,place_random
https://lenta.ru/news/2025/02/11/v-kurskoy-oblasti-uvolilsya-tretiy-za-tri-nedeli-zamestitel-hinshteyna/,none,0,place_random
https://lenta.ru/news/2024/05/10/gubernator-kaluzhskoy-oblasti-podtverdil-pozhar-na-predpriyatii-posle-padeniya-bpla/,attack,1,place_random
https://lenta.ru/news/2023/08/16/bespilotniki/,none,0,place_random
https://lenta.ru/news/2024/12/31/zakryvavshuyusya-iz-za-ugrozy-navodneniya-dambu-v-peterburge-otkryli/,none,0,place_random
https://lenta.ru/news/2023/05/02/kor_dep/,none,0,place_random
https://lenta.ru/news/2024/03/02/poyavilos-foto-oblomka-vzorvavshegosya-v-peterburge-bespilotnika/,none,0,place_random
https://lenta.ru/news/2024/09/29/advokat-efremova-prokommentiroval-novost-o-zhelanii-aktera-poyti-tankistom-na-svo/,none,0,place_random
https://lenta.ru/news/2023/09/27/india/,none,0,place_random
https://lenta.ru/news/2023/06/11/kaluzh2/,none,0,place_random
https://lenta.ru/news/2023/10/05/kursk_bpla/,none,0,place_random
https://lenta.ru/news/2023/01/18/vstrecha/,none,0,place_random
https://lenta.ru/news/2023/01/11/och/,none,0,place_random
https://lenta.ru/news/2024/12/05/stalo-izvestno-o-nachale-dvizha/,none,0,place_random
https://lenta.ru/news/2023/08/10/nekrasovka/,none,0,place_random
https://lenta.ru/news/2024/11/22/polutoratonnuyu-aviabombu-sbrosili-na-boytsov-vsu-v-kurskoy-oblasti-moschnyy-vzryv-popal-na-video/,none,0,place_random
https://lenta.ru/news/2023/11/07/v-moskve-bezbiletnyy-migrant-napal-na-zhenschinu-kontrolera-v-avtobuse-i-sbezhal/,none,0,place_random
https://lenta.ru/news/2024/04/07/vlasti-orenburgskoy-oblasti-nazvali-sroki-stabilizatsii-situatsii-po-pavodku/,emergency,2,place_random
https://lenta.ru/news/2024/09/03/stalo-izvestno-o-smerti-postradavshey-pri-atake-dronov-vsu-na-saratov/,attack,1,place_random
https://lenta.ru/news/2024/12/05/pomoschi/,none,0,place_random
https://lenta.ru/news/2024/11/26/nazvan-rayony-moskvy-s-samoy-deshevoy-vtorichkoy/,none,0,place_random
https://lenta.ru/news/2024/12/21/v-tatarstane-vveli-rezhim-chrezvychaynoy-situatsii-dlya-organov-vlasti-i-mchs/,emergency,1,place_random
https://lenta.ru/news/2024/09/18/prodavets-rasskazala-ob-atake-drona-vsu-pri-vygruzke-hleba-v-kurskoy-oblasti/,attack,1,place_random
https://lenta.ru/news/2023/05/30/sobyanin/,none,0,place_random
https://lenta.ru/news/2024/10/26/minoborony-nazvalo-poteri-vsu-v-kurskoy-oblasti-za-sutki/,none,0,place_random
https://lenta.ru/news/2023/12/17/chislo-postradavshih-v-avarii-so-shkolnym-avtobusom-v-udmurtii-vozroslo/,emergency,1,place_random
https://lenta.ru/news/2024/09/22/poteri-vs/,none,0,place_random
https://lenta.ru/news/2024/12/10/na-rynke-v-moskve-nachalsya-pozhar/,none,0,place_random
https://lenta.ru/news/2024/07/17/stalo-izvestno-o-smerti-64-letnego-muzhchiny-v-kamere-otdela-politsii-v-peterburge/,none,0,place_random
https://lenta.ru/news/2024/01/17/v-bashkirii-vynesli-prigovor-vystupavshemu-protiv-zolotodobychi-aktivistu/,none,0,place_random
https://lenta.ru/news/2024/08/27/lenina-kv/,none,0,place_random
https://lenta.ru/news/2023/08/30/kllg/,none,0,place_random
https://lenta.ru/news/2023/12/23/aktera-iz-seriala-sashatanya-nashli-mertvym-v-moskve/,none,0,place_random
https://lenta.ru/news/2024/11/12/husnullin-poobeschal-dolozhit-putinu-o-rezultatah-vstrechi-s-zhitelyami-kurskoy-oblasti/,none,0,place_random
https://lenta.ru/news/2024/10/04/v-moskve-migranty-oskvernili-pamyatnik-geroyam-velikoy-otechestvennoy-voyny/,none,0,place_random
https://lenta.ru/news/2023/08/09/piroross/,none,0,place_random
https://lenta.ru/news/2024/10/15/iz-kurskoy-oblasti-za-sutki-evakuirovali-desyatki-zhiteley/,attack,1,place_random
https://lenta.ru/news/2025/03/08/vs-rossii-vzyali-v-plen-izdevavshegosya-nad-zhitelyami-kurskoy-oblasti-boytsa-vsu/,none,0,place_random
https://lenta.ru/news/2024/10/07/assotsiatsiya/,none,0,place_random
https://lenta.ru/news/2024/09/26/rossiyskiy-vertolet-unichtozhili-tehniku-vsu-v-kurskoy-oblasti/,none,0,place_random
https://lenta.ru/news/2024/08/23/nazvany-rayony-novoy-moskvy-s-samymi-podorozhavshimi-novostroykami/,prices,1,place_random
https://lenta.ru/news/2023/11/16/proshel/,none,0,place_random
https://lenta.ru/news/2023/08/13/kutuza_video/,none,0,place_random
https://lenta.ru/news/2024/10/01/sud-vynes-reshenie-po-dolgu-danily-kozlovskogo-za-kvartiru-v-moskve/,none,0,place_random
https://lenta.ru/news/2025/02/06/nastuplenie-vsu-v-kurskoy-oblasti/,none,0,place_random
https://lenta.ru/news/2025/02/28/boytsy-vsu-poshli-v-kontrataku-na-bronetehnike-v-kurskoy-oblasti-moment-udara-po-nim-rossiyskim-bespilotnikom-popal-na-video/,none,0,place_random
https://lenta.ru/news/2025/02/10/stalo-izvestno-o-perebroske-k-sudzhe-v-kurskoy-oblasti-svyshe-trehsot-boytsov-vsu/,none,0,place_random
https://lenta.ru/news/2024/10/03/pennaya-vecherinka-v-fontane-sankt-peterburga-popala-na-video/,none,0,place_random
https://lenta.ru/news/2024/04/23/chibis-prodolzhit-vstrechatsya-s-zhitelyami-murmanskoy-oblasti-posle-pokusheniya/,none,0,place_random
https://lenta.ru/news/2024/05/13/glava-bashkirii-prizval-gotovitsya-k-priletam-bespilotnikov-posle-ataki-na-zavod/,attack,1,place_random
https://lenta.ru/news/2024/04/06/v-mchs-nazvali-kolichestvo-evakuirovannyh-iz-zony-podtopleniya-v-orske/,emergency,2,place_random
https://lenta.ru/news/2025/02/06/kreml-zayavil-ob-usiliyah-po-spaseniyu-zhiteley-kurskoy-oblasti-s-okkupirovannyh-territoriy/,attack,1,place_random
https://lenta.ru/news/2025/02/03/efremov/,none,0,place_random
https://lenta.ru/news/2023/06/21/mes/,none,0,place_random
https://lenta.ru/news/2023/04/09/led/,none,0,place_random
https://lenta.ru/news/2024/06/01/pvo-sbila-bespilotnik-v-kurskoy-oblasti/,none,0,place_random
https://lenta.ru/news/2024/02/08/poezd-iz-belgoroda-v-peterburg-ostanovili-iz-za-obstrela-so-storony-ukrainy/,attack,1,place_random
https://lenta.ru/news/2024/03/20/v-nebe-vozle-stolitsy-bashkirii-zametili-bpla/,none,0,place_random
https://lenta.ru/news/2023/02/06/oproverg/,none,0,place_random
https://lenta.ru/news/2023/04/13/mrkt/,demand,1,place_random
https://lenta.ru/news/2024/11/10/sobyanin-soobschil-o-22-letevshih-k-moskve-bespilotnikah/,none,0,place_random
https://lenta.ru/news/2024/11/01/v-sovfede-vyskazalis-o-slovah-zelenskogo-pro-kurskuyu-oblast/,none,0,place_random
https://lenta.ru/news/2023/11/18/mladenec/,none,0,place_random
https://lenta.ru/news/2023/05/08/omskpozhar/,emergency,2,place_random
https://lenta.ru/news/2024/11/21/ndustrialnoy/,none,0,place_random
https://lenta.ru/news/2024/05/30/na-bolshoy-koltsevoy-linii-metro-moskvy-poyavyatsya-novye-peresadki/,demand,1,place_random
https://lenta.ru/news/2023/09/10/golikova/,none,0,place_random
https://lenta.ru/news/2024/07/10/data/,none,0,place_random
https://lenta.ru/news/2024/09/13/v-moskvu-prishla-afrikanskaya-pogoda/,none,0,place_random
https://lenta.ru/news/2024/02/12/raskryty-neozhidannye-podrobnosti-avarii-s-detskim-avtobusom-pod-pskovom/,none,0,place_random
https://lenta.ru/news/2024/04/15/stop/,production_neg,2,place_random
https://lenta.ru/news/2024/08/02/fermerskih/,fiscal,1,place_random
https://lenta.ru/news/2024/03/05/v-peterburge-lift-ruhnul-v-shahtu-s-8-go-etazha-v-nem-byli-vzroslye-i-deti/,none,0,place_random
https://lenta.ru/news/2025/03/07/v-sankt-peterburge-nachal-rabotat-podorozhnik/,none,0,place_random
https://lenta.ru/news/2024/06/20/chislo-zhertv-uragana-v-moskve-vozroslo/,emergency,1,place_random
https://lenta.ru/news/2024/12/11/mezhdunarodnaya/,none,0,place_random
https://lenta.ru/news/2024/11/27/poyavilis-podrobnosti-o-popytke-ataki-vsu-na-smolenskuyu-oblast/,none,0,place_random
https://lenta.ru/news/2024/03/16/nad-kurskoy-oblastyu-unichtozhili-ukrainskiy-bespilotnik/,none,0,place_random
https://lenta.ru/news/2025/03/05/vsu-trizhdy-pytalis-poyti-v-kontrataku-v-kurskoy-oblasti/,none,0,place_random
https://lenta.ru/news/2023/08/21/podlet/,none,0,place_random
https://lenta.ru/news/2024/10/22/zhitel-kurskoy-oblasti-rasskazal-podrobnosti-atak-vsu-po-mirnomu-naseleniyu/,attack,1,place_random
https://lenta.ru/news/2024/05/07/v-gosdume-zayavili-o-gotovnosti-moskvy-k-peregovoram-s-kievom/,none,0,place_random
https://lenta.ru/news/2024/11/25/v-moskvu-prishlo-zatishie/,none,0,place_random
https://lenta.ru/news/2024/02/16/stalo-izvestno-o-sostoyanii-dostavlennyh-v-moskvu-ranennyh-pri-atake-na-belgorod/,none,0,place_random
https://lenta.ru/news/2024/12/19/putinn/,none,0,place_random
https://lenta.ru/news/2023/09/05/kalug/,none,0,place_random
https://lenta.ru/news/2024/05/10/bespilotniki-atakovali-npz-v-kaluzhskoy-oblasti/,attack,1,place_random
https://lenta.ru/news/2023/11/15/pod-moskvoy-rabochego-peremololo-v-drobilnoy-mashine/,none,0,place_random
https://lenta.ru/news/2025/03/26/rossiyskiy-boets-rasskazal-o-begstve-boytsov-vsu-v-kurskoy-oblasti/,none,0,place_random
https://lenta.ru/news/2025/01/08/saratov-i-engels-podverglis-massirovannoy-atake-bpla/,attack,2,place_random
https://lenta.ru/news/2023/03/23/iznasilovanie/,none,0,place_random
https://lenta.ru/news/2025/01/04/rossiyskiy-mediamenedzher-pozhalovalsya-na-narkomanov-v-pod-ezde-svoego-doma-v-moskve/,none,0,place_random
https://lenta.ru/news/2024/10/11/soratnik-kadyrova-zayavil-ob-osvobozhdenii-15-naselennyh-punktov-v-kurskoy-oblasti/,none,0,place_random
https://lenta.ru/news/2024/06/23/v-moskve-uchenitsa-nabrala-400-ballov-na-ege/,none,0,place_random
https://lenta.ru/news/2024/04/24/v-moskve-vosmiletniy-malchik-sbezhal-iz-doma-na-metro-ot-byuschego-vsyu-semyu-ottsa/,none,0,place_random
https://lenta.ru/news/2024/05/11/vsu-vnov-obstrelyali-kurskuyu-oblast/,attack,1,place_random
https://lenta.ru/news/2023/10/18/pod-moskvoy-na-territorii-voennogo-gospitalya-nashli-bespilotnik/,none,0,place_random
https://lenta.ru/news/2024/08/28/mchs-rasskazalo-ob-evakuatsii-rossiyan-iz-seroy-zony-kurskoy-oblasti/,attack,1,place_random
https://lenta.ru/news/2024/09/18/nad-orlovskoy-oblastyu-sbili-bespilotnik/,none,0,place_random
https://lenta.ru/news/2023/02/05/city/,none,0,place_random
https://lenta.ru/news/2025/01/31/nazvany-goroda-pod-moskvoy-s-silno-podorozhavshim-zhiliem/,prices,1,place_random
https://lenta.ru/news/2024/12/22/v-kazani-sapery-unichtozhili-esche-odin-snaryad-bespilotnika-vsu/,none,0,place_random
https://lenta.ru/news/2023/06/21/blgstr/,none,0,place_random
https://lenta.ru/news/2024/03/02/bespilotnik-vrezalsya-v-zhiloy-dom-v-sankt-peterburge-veroyatnoy-tselyu-ataki-byla-neftebaza-ruchi/,attack,1,place_random
https://lenta.ru/news/2023/05/06/minzdrav/,emergency,1,place_random
https://lenta.ru/news/2024/11/14/rossiyskiy-voennyy-rasskazal-ob-ohote-dronov-vsu-za-gruppami-evakuatsii-v-kurskoy-oblasti/,attack,1,place_random
https://lenta.ru/news/2024/03/10/moschnyy-pozhar-v-promzone-peterburga-popal-na-video/,none,0,place_random
https://lenta.ru/news/2024/08/21/v-genshtabe-zayavili-o-vyvode-chasti-podrazdeleniy-vsu-iz-kurskoy-oblasti/,none,0,place_random
https://lenta.ru/news/2024/03/14/vsu-obstrelyali-dva-naselennyh-punkta-v-kurskoy-oblasti/,attack,1,place_random
https://lenta.ru/news/2023/08/23/minoboroni_/,none,0,place_random
https://lenta.ru/news/2025/03/02/okolo-dagestana-zametili-bespilotniki-i-ob-yavili-rezhim-opasnosti/,none,0,place_random
https://lenta.ru/news/2024/05/27/postradavshim-ot-pavodka-v-orenburge-vydelyat-bolee-polumilliarda-rubley/,fiscal,2,place_random
https://lenta.ru/news/2024/11/17/muzhchina-poluchil-travmu-golovy-v-rezultate-vzryva-bespilotnika-v-izhevske/,attack,1,place_random
https://lenta.ru/news/2025/02/13/v-lipetske-ob-yavili-krasnyy-uroven-ugrozy-ataki-bespilotnikov/,none,0,place_random
https://lenta.ru/news/2023/11/22/na-shahte-listvyazhnaya-v-kuzbasse-priostanovili-dobychu-uglya-iz-za-vozgoraniya/,production_neg,1,place_random
https://lenta.ru/news/2025/01/11/ocheviditsa-rasskazala-ob-atakah-vsu-na-mashiny-i-doma-zhiteley-kurskoy-oblasti/,attack,1,place_random
https://lenta.ru/news/2025/03/17/v-kremle-otvetili-na-vopros-o-reshenii-putina-posetit-kurskuyu-oblast/,none,0,place_random
https://lenta.ru/news/2023/04/03/vorobiev/,none,0,place_random
https://lenta.ru/news/2023/07/04/witness_said/,attack,1,place_random
https://lenta.ru/news/2025/03/11/ukrainskiy-bespilotnik-upal-na-zheleznuyu-dorogu-vo-vladimirskoy-oblasti/,attack,1,place_random
https://lenta.ru/news/2024/06/21/dzhazovyy/,none,0,place_random
https://lenta.ru/news/2024/06/27/v-tverskoy-oblasti-sredstva-pvo-otrazili-vtoruyu-ataku-bespilotnika/,none,0,place_random
https://lenta.ru/news/2023/08/24/photodtpmask/,none,0,place_random
https://lenta.ru/news/2024/08/28/minoborony-raskrylo-poteri-vsu-s-momenta-vtorzheniya-v-kurskuyu-oblast/,none,0,place_random
https://lenta.ru/news/2024/08/15/minoborony-zayavilo-o-popytkah-proryva-vsu-vglub-kurskoy-oblasti/,none,0,place_random
https://lenta.ru/news/2025/01/19/ukraina-styagivaet-tehniku-nato-v-kurskuyu-oblast-pod-sudzhu-takzhe-brosayut-elitnoe-podrazdelenie-vsu/,none,0,place_random
https://lenta.ru/news/2025/02/23/vlasti-moskvy-rasskazali-o-pomoschi-novyh-pravil-prodazhi-biletov-pri-borbe-s-perekupschikami/,none,0,place_random
https://lenta.ru/news/2024/04/06/v-minzdrave-prokommentirovali-smert-dvuh-muzhchin-v-orske-vo-vremya-povodka/,emergency,1,place_random
https://lenta.ru/news/2024/09/16/v-moskovskoy-oblasti-zahoteli-zapretit-migrantam-rabotat-v-neskolkih-sferah/,none,0,place_random
https://lenta.ru/news/2024/08/09/v-rossii-otreagirovali-na-pozitsiyu-ssha-po-atake-vsu-na-kurskuyu-oblast/,none,0,place_random
https://lenta.ru/news/2024/12/11/hinshteyn-zayavil-o-vale-zhalob-ot-zhiteley-kurskoy-oblasti/,attack,1,place_random
https://lenta.ru/news/2024/03/21/pod-moskvoy-spasateli-s-frazoy-s-dnem-rozhdeniya-vykopali-iz-snega-muzhchinu/,none,0,place_random
https://lenta.ru/news/2024/10/02/dva-ukrainskih-bespilotnika-sbili-nad-belgorodskoy-i-kurskoy-oblastyami/,none,0,place_random
https://lenta.ru/news/2023/05/30/voorugenie/,attack,1,place_random
https://lenta.ru/news/2024/03/16/rossiyskaya-zhurnalistka-pogibla-v-avarii-na-trasse-omsk-tyumen/,none,0,place_random
https://lenta.ru/news/2024/01/18/sobyanin-soobschil-ob-otrazhenii-ataki-letevshego-k-moskve-bpla-v-podolske/,none,0,place_random
https://lenta.ru/news/2024/12/04/rossiyskie-voennye-ustanovili-pontonnyy-most-v-kurskoy-oblasti/,none,0,place_random
https://lenta.ru/news/2024/04/17/glave-chuvashii-dolozhili-o-zatonuvshey-mashine-s-vozvraschavshimisya-iz-zony-svo-boytsami/,none,0,place_random
https://lenta.ru/news/2025/01/06/v-kurskoy-oblasti-unichtozhili-sobiravshih-veschi-s-tel-sosluzhivtsev-boytsov-vsu/,none,0,place_random
https://lenta.ru/news/2024/10/18/ognevoy-meshok-suzhaetsya-vsu-v-speshke-nachali-stroit-ukrepleniya-v-kurskoy-oblasti/,none,0,place_random
https://lenta.ru/news/2024/12/11/v-rossii-zayavili-o-podgotovke-operatsii-po-okruzheniyu-vsu-v-kurskoy-oblasti/,none,0,place_random
https://lenta.ru/news/2023/11/23/v-pod-ezde-zhilogo-doma-moskvy-obnaruzhili-dve-granaty/,none,0,place_random
https://lenta.ru/news/2025/01/09/v-kurskoy-oblasti-26-boytsov-vsu-sdalis-v-plen-posle-neudachnoy-kontrataki/,none,0,place_random
https://lenta.ru/news/2024/03/12/v-kurskoy-oblasti-vveli-zapret-na-publikatsii-o-rabote-vs-rossii/,none,0,place_random
https://lenta.ru/news/2024/04/03/v-parlamente-peterburga-pereklichku-nachali-s-upominaniya-o-novom-inoagente/,none,0,place_random
https://lenta.ru/news/2023/08/20/attack/,attack,1,place_random
https://lenta.ru/news/2024/04/12/gravity/,none,0,place_random
https://lenta.ru/news/2024/08/10/voenkor-rasskazal-o-taktike-vsu-v-kurskoy-oblasti/,none,0,place_random
https://lenta.ru/news/2023/12/22/nad-kurskoy-oblastyu-sbili-esche-odin-bespilotnik/,none,0,place_random
https://lenta.ru/news/2024/05/20/pod-moskvoy-migranty-zahvatili-kvartiru-boytsa-svo/,none,0,place_random
https://lenta.ru/news/2025/02/11/moment-unichtozheniya-bespilotnika-nad-saratovskoy-oblastyu-popal-na-video/,none,0,place_random
https://lenta.ru/news/2023/11/20/v-orlovskoy-oblasti-sbili-ukrainskiy-bespilotnik/,none,0,place_random
https://lenta.ru/news/2024/10/24/v-tsentre-moskvy-proizoshlo-dtp/,none,0,place_random
https://lenta.ru/news/2023/05/30/new_bpla/,none,0,place_random
https://lenta.ru/news/2024/04/08/glava-orenburga-zayavil-ob-uhudshenii-situatsii-s-pavodkom/,emergency,2,place_random
https://lenta.ru/news/2024/11/10/v-treh-aeroportah-moskvy-snyali-ogranicheniya-na-polety-posle-atak-bpla/,demand,1,place_random
https://lenta.ru/news/2024/08/14/perevez/,attack,1,place_random
https://lenta.ru/news/2025/02/07/armiya-rossii-sorvala-popytku-novogo-nastupleniya-vsu-vglub-kurskoy-oblasti/,none,0,place_random
https://lenta.ru/news/2023/05/30/podschit/,none,0,place_random
https://lenta.ru/news/2024/08/15/o-zadachah-aviatsii-vsu/,none,0,place_random
https://lenta.ru/news/2024/07/22/raskryty-novye-podrobnosti-o-sgorevshih-zazhivo-na-kveste-v-dagestane-devushkah/,none,0,place_random
https://lenta.ru/news/2023/08/25/minobr/,none,0,place_random
https://lenta.ru/news/2024/11/30/rossiya-nanesla-porazhenie-ukraine-u-11-naselennyh-punktov-v-kurskoy-oblasti/,none,0,place_random
https://lenta.ru/news/2023/07/25/zalivv/,none,0,place_random
https://lenta.ru/news/2024/10/14/v-yakutii-pristupili-k-tusheniyu-krupnogo-pozhara/,emergency,1,place_random
https://lenta.ru/news/2023/01/04/murmansk/,none,0,place_random
https://lenta.ru/news/2024/10/15/stalo-izvestno-o-smerti-pozirovavshego-u-pyaterochki-v-kurskoy-oblasti-boytsa-vsu/,none,0,place_random
https://lenta.ru/news/2023/04/27/pozhar/,emergency,1,place_random
https://lenta.ru/news/2024/08/31/ocherednoy-ukrainskiy-bespilotnik-unichtozhen-v-nebe-nad-kurskoy-oblastyu/,none,0,place_random
https://lenta.ru/news/2025/02/20/rossiyskie-voennye-vzyali-vsu-v-kleschi-v-kurskoy-oblasti/,none,0,place_random
https://lenta.ru/news/2025/03/15/avtomobil-vletel-v-peshehodov-v-tsentre-moskvy/,none,0,place_random
https://lenta.ru/news/2024/04/12/v-odnom-iz-poselkov-pod-orenburgom-ob-yavili/,emergency,1,place_random
https://lenta.ru/news/2024/09/14/podpolkovnik-danilov-rasskazal-o-primenenii-vsu-zapadnogo-vooruzheniya-v-kurskoy-oblasti/,none,0,place_random
https://lenta.ru/news/2023/12/07/nachavshiysya-iz-za-giroskutera-pozhar-na-mitinskom-rynke-v-moskve-popal-na-video/,none,0,place_random
https://lenta.ru/news/2025/01/23/petrosyan-snova-podal-v-sud-na-doch-iz-za-kvartiry-v-moskve/,none,0,place_random
https://lenta.ru/news/2025/01/27/v-kremle-porassuzhdali-o-vozmozhnom-razmere-uscherba-ot-vtorzheniya-vsu-v-kurskuyu-oblast/,attack,2,place_random
https://lenta.ru/news/2024/01/04/v-lipetskoy-oblasti-obezvredili-ukrainskiy-bespilotnik/,none,0,place_random
https://lenta.ru/news/2024/07/26/v-chelyabinskoy-oblasti-zatopilo-poselok-posle-proryva-damby/,emergency,2,place_random
https://lenta.ru/news/2024/11/28/start-proizvodstva-aurus-pod-sankt-peterburgom-otlozhili/,production_neg,1,place_random
https://lenta.ru/news/2023/03/03/patrulirovanie/,none,0,place_random
https://lenta.ru/news/2024/04/10/nazvana-vozmozhnaya-prichina-proryva-damby-v-orske/,emergency,1,place_random
https://lenta.ru/news/2023/08/08/kurskkk/,attack,1,place_random
https://lenta.ru/news/2025/03/04/v-rossii-snyali-na-video-tela-boytsov-vsu-v-kurskoy-oblasti-i-zadalis-odnim-voprosom/,none,0,place_random
https://lenta.ru/news/2024/10/24/shesteryh-vzroslyh-i-odnogo-rebenka-spasli-rossiyskie-voennye-v-kurskoy-oblasti/,none,0,place_random
https://lenta.ru/news/2024/01/30/v-tsentre-peterburga-muzhchina-napal-v-pod-ezde-na-vosmiletnyuyu-shkolnitsu/,none,0,place_random
https://lenta.ru/news/2023/07/30/delta/,none,0,place_random
https://lenta.ru/news/2024/05/02/gubernator-kaliningradskoy-oblasti-oproverg-perehod-v-federalnoe-pravitelstvo/,none,0,place_random
https://lenta.ru/news/2024/09/12/poyavilis-podrobnosti-ob-obstrelyannom-v-murmanskoy-oblasti-samolete/,none,0,place_random
https://lenta.ru/news/2024/09/30/rossiyanka-rasskazala-o-sbrose-vsu-zazhigatelnoy-smesi-na-zhilye-doma-v-kurskoy-oblasti/,attack,1,place_random
https://lenta.ru/news/2024/04/30/sotrudniki-mchs-rossii-lokalizovali-pozhar-v-buryatii/,none,0,place_random
https://lenta.ru/news/2023/05/02/vosstan/,emergency,1,place_random
https://lenta.ru/news/2024/03/17/orlovsk-oblast/,none,0,place_random
https://lenta.ru/news/2024/12/24/poyavilis-novye-podrobnosti-boev-v-kurskoy-oblasti/,none,0,place_random
https://lenta.ru/news/2023/08/25/mo_kaluga/,none,0,place_random
https://lenta.ru/news/2024/12/17/v-sovfede-otreagirovali-na-gibel-nachalnika-voysk-rhbz-v-moskve/,none,0,place_random
https://lenta.ru/news/2024/03/12/voennyy-samolet-upal-v-ivanovskoy-oblasti-pri-zahode-na-posadku-u-nego-otvalilsya-dvigatel/,none,0,place_random
https://lenta.ru/news/2024/08/09/-o-reaktsii-mirovogo-soobschestva/,none,0,place_random
https://lenta.ru/news/2024/12/05/s-utra-nachalsya-dvizh-v-rossii-zayavili-o-masshtabnoy-operatsii-v-kurskoy-oblasti-chto-tam-proishodit/,none,0,place_random
https://lenta.ru/news/2023/05/13/obrushenie/,none,0,place_random
https://lenta.ru/news/2023/07/30/city/,attack,1,place_random
https://lenta.ru/news/2024/05/17/v-voennoy-akademii-v-sankt-peterburge-vzorvalsya-boepripas-chto-izvestno-ob-intsidente/,none,0,place_random
https://lenta.ru/news/2024/09/21/postradavshim-v-kurskoy-oblasti-dopolnitelno-vydelili-10-tysyach-rubley/,fiscal,1,place_random
https://lenta.ru/news/2024/04/05/v-moskve-priveli-v-poryadok-memorial-zhertvam-teraktov/,none,0,place_random
https://lenta.ru/news/2024/03/04/pod-moskvoy-migrant-nazval-prostitutkoy-zhenu-boytsa-svo-i-vstretilsya-s-ee-muzhem/,none,0,place_random
https://lenta.ru/news/2025/02/24/v-kurskoy-oblasti-raskryli-pervye-rezultaty-otsenki-uscherba-ot-atak-vsu/,attack,1,place_random
https://lenta.ru/news/2025/01/21/oblomok-bespilotnika-pod-oknami-mnogoetazhki-v-smolenske-snyali-na-video/,none,0,place_random
https://lenta.ru/news/2024/03/25/v-moskve-iz-za-soobscheniya-o-bombe-evakuirovali-natsionalnyy-hirurgicheskiy-tsentr/,none,0,place_random
https://lenta.ru/news/2024/04/13/pozhar-proizoshel-v-stalinskoy-vysotke-na-kotelnicheskoy-naberezhnoy-v-moskve/,none,0,place_random
https://lenta.ru/news/2024/06/20/nazvano-chislo-postradavshih-vo-vremya-uragana-v-moskve/,emergency,1,place_random
https://lenta.ru/news/2025/02/12/unichtozhivshiy-do-65-boytsov-vsu-raketnyy-udar-po-svinokompleksu-pod-kurskom-snyali-na-video/,attack,1,place_random
https://lenta.ru/news/2024/09/13/minoborony-otchitalos-o-hode-kontrataki-vsu-v-kurskoy-oblasti/,none,0,place_random
https://lenta.ru/news/2024/09/10/pozhar-v-sportkomplekse-v-peterburge-lokalizovali/,none,0,place_random
https://lenta.ru/news/2024/12/06/aviaperevozchik/,demand,1,place_random
https://lenta.ru/news/2023/07/24/ochevidsi/,none,0,place_random
https://lenta.ru/news/2025/02/24/iz-ukrainskih-sum-evakuiruyut-vyvezennyh-cherez-granitsu-zhiteley-kurskoy-oblasti/,attack,1,place_random
https://lenta.ru/news/2025/01/14/stalo-izvestno-ob-atake-vsu/,attack,1,place_random
https://lenta.ru/news/2023/10/30/poyavilis-podrobnosti-o-postradavshih-pri-pogrome-v-aeroportu-mahachkaly/,demand,1,place_random
https://lenta.ru/news/2024/06/20/gubernator-raskryl-podrobnosti-ob-atake-na-orlovskuyu-oblast/,none,0,place_random
https://lenta.ru/news/2023/08/24/pvo/,none,0,place_random
https://lenta.ru/news/2024/08/21/novostroyki/,prices,1,place_random
https://lenta.ru/news/2023/07/04/show/,none,0,place_random
https://lenta.ru/news/2025/01/29/gubernator-zayavil-ob-unichtozhenii-pochti-treh-desyatkov-bespilotnikov-nad-tverskoy-oblatsyu/,none,0,place_random
https://lenta.ru/news/2024/08/07/v-rossii-sravnili-ataku-vsu-v-kurskoy-oblasti-s-reydom-prigozhina/,none,0,place_random
https://lenta.ru/news/2024/02/14/v-kurskoy-oblasti-ob-yavili-raketnuyu-opasnost/,none,0,place_random
https://lenta.ru/news/2024/08/06/vosstanovlena-hronologiya-massirovannoy-ataki-vsu-na-kurskuyu-oblast-kak-nachalas-i-chem-zakonchilas-popytka-proryva/,none,0,place_random
https://lenta.ru/news/2023/10/01/bespiiil/,none,0,place_random
https://lenta.ru/news/2024/02/29/v-peterburge-zagorelsya-nahodyaschiysya-na-utilizatsii-ledokol-ermak/,none,0,place_random
https://lenta.ru/news/2024/10/30/rossiyskie-desantniki-predotvratili-proryv-vsu-v-kurskoy-oblasti/,none,0,place_random
https://lenta.ru/news/2024/03/06/stala-izvestna-obstanovka-na-kombinate-pod-kurskom-posle-dvuh-podryad-atak-dronov/,attack,1,place_random
https://lenta.ru/news/2023/01/20/rdmed/,production_pos,1,place_random
https://lenta.ru/news/2025/01/24/nazvana-vozmozhnaya-tsel-ataki-vsu-po-ryazanskoy-oblasti/,none,0,place_random
https://lenta.ru/news/2025/03/21/stala-izvestna-sudba-poteryavshego-upravlenie-v-baltiyskom-more-tankera/,none,0,place_random
https://lenta.ru/news/2023/03/11/condition/,none,0,place_random
https://lenta.ru/news/2024/06/02/nazvano/,none,0,place_random
https://lenta.ru/news/2024/10/31/nazvano-vremya-obrazovaniya-snezhnogo-pokrova-v-moskve/,none,0,place_random
https://lenta.ru/news/2023/07/24/bespilotnik_letit/,none,0,place_random
https://lenta.ru/news/2024/01/06/polutoragodovalyy-rebenok-podavilsya-gretskim-orehom-v-arhangelskoy-oblasti/,none,0,place_random
https://lenta.ru/news/2025/02/24/stoimost-novogo-doma-byvshego-supruga-borodinoy-i-ego-zheny-otsenili/,none,0,place_random
https://lenta.ru/news/2023/11/01/fadeev-otvetil-na-slova-muftiya-o-snishozhdenii-k-uchastnikam-pogromov-v-dagestane/,none,0,place_random
https://lenta.ru/news/2025/02/14/stalo-izvestno-o-sostoyanii-gospitalizirovannyh-iz-hostela-v-moskve-migrantov/,none,0,place_random
https://lenta.ru/news/2024/11/08/vserossiyskogo/,none,0,place_random
https://lenta.ru/news/2025/01/21/gubernator-raskryl-podrobnosti-ob-atake-vsu-na-smolenskuyu-oblast/,none,0,place_random
https://lenta.ru/news/2025/03/08/vsu-obstrelyali-zhilye-doma-v-kurskoy-oblasti-na-fone-shturma-sudzhi-armiey-rossii/,attack,1,place_random
https://lenta.ru/news/2024/08/08/vlasti-kurskoy-oblasti-soobschili-ob-aktivnyh-boyah-v-sudzhanskom-rayone/,attack,1,place_random
https://lenta.ru/news/2024/12/13/nazvany-rayony-moskvy-s-samymi-podeshevevshimi-novostroykami/,prices,1,place_random
https://lenta.ru/news/2024/09/20/raskryty-sutochnye-poteri-vsu-v-kurskoy-oblasti/,none,0,place_random
https://lenta.ru/news/2024/07/19/tsentrobank-kupit-delovoy-tsentr-v-moskve/,production_pos,1,place_random
https://lenta.ru/news/2024/05/16/true/,none,0,place_random
https://lenta.ru/news/2024/03/06/millionov/,none,0,place_random
https://lenta.ru/news/2023/08/15/bortt/,emergency,1,place_random
https://lenta.ru/news/2023/09/09/kannabis/,none,0,place_random
https://lenta.ru/news/2024/12/18/vlasti-rasskazali-o-hode-evakuatsii-s-mesta-stolknoveniya-poezdov-v-murmanskoy-oblasti/,emergency,1,place_random
https://lenta.ru/news/2023/09/05/fjdngu/,none,0,place_random
https://lenta.ru/news/2023/06/02/vstbl/,demand,1,place_random
https://lenta.ru/news/2024/06/18/zamministra-oborony-ivanov-ezdil-na-mashinah-s-nomerami-za-shest-millionov-kakie-avto-u-nego-nashli/,none,0,place_random
https://lenta.ru/news/2023/11/16/poyavilis-kadry-s-mesta-obrusheniya-pyatietazhki-v-astrahani/,emergency,2,place_random
https://lenta.ru/news/2025/03/26/rossiyskie-boytsy-podnyali-pognutyy-v-kurskoy-oblasti-krest-i-popali-na-video/,none,0,place_random
https://lenta.ru/news/2024/10/07/rossiyskiy-voennyy-raskryl-glavnuyu-trudnost-v-kurskoy-oblasti/,none,0,place_random
https://lenta.ru/news/2024/08/23/soldaty-vsu-obstrelyali-s-vertoleta-avtomobil-volonterov-v-kurskoy-oblasti/,attack,1,place_random
https://lenta.ru/news/2024/09/03/stalo-izvestno-o-postradavshih-chlenah-ekipazha-posle-krusheniya-vertoleta-mi-8-pod-irkutskom/,none,0,place_random
https://lenta.ru/news/2023/05/16/bumaga_pozhar/,none,0,place_random
https://lenta.ru/news/2024/05/08/v-moskve-godovalaya-devochka-popala-v-bolnitsu-s-otravleniem-narkotikami/,none,0,place_random
https://lenta.ru/news/2024/10/29/gubernator-raskryl-podrobnosti-popytki-udara-drona-vsu-po-orlovskoy-oblasti/,none,0,place_random
https://lenta.ru/news/2024/08/26/v-nekotoryh-shkolah-kurskoy-oblasti-vveli-distantsionnoe-obuchenie/,attack,1,place_random
https://lenta.ru/news/2023/08/07/jvfdesn/,emergency,1,place_random
https://lenta.ru/news/2023/11/16/profforum/,none,0,place_random
https://lenta.ru/news/2024/12/25/sobyanin/,none,0,place_random
https://lenta.ru/news/2023/11/24/pod-moskvoy-dva-migranta-izbili-otkazavshegosya-ih-podvezti-pensionera/,none,0,place_random
https://lenta.ru/news/2023/12/01/sotrudniki-mchs-evakuirovali-350-chelovek-s-rynka-sadovod-v-moskve/,emergency,1,place_random
https://lenta.ru/news/2023/10/13/byudzhet/,fiscal,1,place_random
https://lenta.ru/news/2023/08/17/vozvrat/,none,0,place_random
https://lenta.ru/news/2025/02/05/siloviki-priehali-na-paveletskiy-vokzal-v-moskve/,none,0,place_random
https://lenta.ru/news/2024/03/01/pod-moskvoy-podrostki-raspylili-v-litso-pensionera-pertsovyy-ballonchik-radi-haypa/,none,0,place_random
https://lenta.ru/news/2023/08/30/aerooddf/,demand,1,place_random
https://lenta.ru/news/2024/08/19/predskazana-sudba-popavshih-v-plen-inostrantsev-v-kurskoy-oblasti/,none,0,place_random
https://lenta.ru/news/2024/10/15/soratnik-kadyrova-oproverg-dannye-o-rasstrele-sdavshihsya-v-plen-pod-kurskom-ukraintsev/,none,0,place_random
https://lenta.ru/news/2024/04/15/v-moskve-otkroyut-zapis-detey-na-kruzhki-cherez-elektronnyy-dnevnik-mesh/,none,0,place_random
https://lenta.ru/news/2024/03/14/nazvan-proizvoditel-poezdov-dlya-magistrali-moskva-peterburg/,none,0,place_random
https://lenta.ru/news/2024/09/26/vsu-trizhdy-popytalis-prorvat-granitsu-v-rayone-kurskoy-oblasti/,none,0,place_random
https://lenta.ru/news/2024/08/26/rossiyanin-vyvez-vseh-zhiteley-obstrelivaemoy-vsu-derevni-v-kurskoy-oblasti-a-sam-ostalsya/,attack,1,place_random
https://lenta.ru/news/2024/09/04/zapustil/,demand,1,place_random
https://lenta.ru/news/2024/08/30/minoborony-pokazalo-kadry-unichtozheniya-istrebitelyami-boytsov-vsu-v-kurskoy-oblasti/,none,0,place_random
https://lenta.ru/news/2024/09/19/zhitel-kurskoy-oblasti-rasskazal-o-nochnyh-obhodah-i-izbieniyah-rossiyan-ukrainskimi-boytsami/,attack,1,place_random
https://lenta.ru/news/2025/03/30/v-minoborony-rossii-raskryli-chislo-poter-protivnika-v-kurskoy-oblasti/,none,0,place_random
https://lenta.ru/news/2023/09/25/tul/,none,0,place_random
https://lenta.ru/news/2024/08/29/nahodyatsya-v-taynyh-tyurmah-ili-podvalah-rossiya-zayavila-chto-vsu-pohischayut-mirnyh-zhiteley-v-kurskoy-oblasti/,attack,1,place_random
https://lenta.ru/news/2025/01/20/v-kazani-nachali-likvidirovat-posledstviya-ataki-bespilotnikov/,attack,1,place_random
https://lenta.ru/news/2025/02/08/drone/,none,0,place_random
https://lenta.ru/news/2025/02/19/gubernator-raskryl-situatsiyu-na-neftezavode-v-samarskoy-oblasti-posle-ataki-vsu/,attack,1,place_random
https://lenta.ru/news/2024/08/15/opublikovany-kadry-unichtozheniya-britanskogo-tanka-v-kurskoy-oblasti/,none,0,place_random
https://lenta.ru/news/2023/09/21/two/,none,0,place_random
https://lenta.ru/news/2025/03/28/v-rossii-zayavili-ob-obrechennom-garnizone-vsu-na-territorii-kurskoy-oblasti/,none,0,place_random
https://lenta.ru/news/2024/05/10/v-peterburge-iz-utonuvshego-avtobusa-dostali-vosem-chelovek/,none,0,place_random
https://lenta.ru/news/2024/11/28/msk-snegopad/,none,0,place_random
https://lenta.ru/news/2023/08/09/vdp/,none,0,place_random
https://lenta.ru/news/2024/11/01/bespilotniki-udarili-po-ugrozhavshim-boytsam-po-pikapu-i-tanku-vsu-v-kurskoy-oblasti/,none,0,place_random
https://lenta.ru/news/2024/10/03/babye-leto/,none,0,place_random
https://lenta.ru/news/2023/05/30/dep_reaction/,none,0,place_random
https://lenta.ru/news/2024/05/11/v-peterburge-nashli-sredi-musora-prah-zhenschiny/,none,0,place_random
https://lenta.ru/news/2023/07/24/msk_bpla/,none,0,place_random
https://lenta.ru/news/2025/03/11/sobyanin-zayavil-ob-otrazhenii-ataki-69-letevshih-na-moskvu-bespilotnikov/,none,0,place_random
https://lenta.ru/news/2024/04/08/moment-obrusheniya-mosta-s-ehavshimi-po-nemu-mashinami-pod-smolenskom-popal-na-video/,emergency,1,place_random
https://lenta.ru/news/2024/11/11/rossiyskaya-armiya-vpervye/,none,0,place_random
https://lenta.ru/news/2024/04/02/v-kurskoy-oblasti-otmenili-opasnost-ataki-bpla/,none,0,place_random
https://lenta.ru/news/2024/09/11/bezhenka-iz-kurskoy-oblasti-rasskazala-ob-otnoshenii-zhiteley-sudzhi-k-gumpomoschi-vsu/,none,0,place_random
https://lenta.ru/news/2024/04/16/arenda-msk/,none,0,place_random
https://lenta.ru/news/2023/09/01/bepl/,none,0,place_random
https://lenta.ru/news/2024/03/25/moskva-napravila-pervye-60-vyplat-postradavshim-pri-terakte-v-krokuse/,fiscal,1,place_random
https://lenta.ru/news/2024/07/05/udostoilsya/,none,0,place_random
https://lenta.ru/news/2023/08/07/shapsha/,none,0,place_random
https://lenta.ru/news/2023/08/24/hakasia/,none,0,place_random
https://lenta.ru/news/2023/09/15/avaria/,none,0,place_random
https://lenta.ru/news/2024/08/08/vrio-glavy-kurskoy-oblasti-raskryl-podrobnosti-boev-s-vsu-v-regione/,attack,1,place_random
https://lenta.ru/news/2025/03/10/v-moskve-otkrylas-vystavka-obrazy-doma-melnikova/,none,0,place_random
https://lenta.ru/news/2024/04/02/v-lipetskoy-oblasti-otmenili-vozdushnuyu-opasnost/,none,0,place_random
https://lenta.ru/news/2024/09/01/tretiy-bespilotnik-likvidirovali-na-podlete-k-moskve/,none,0,place_random
https://lenta.ru/news/2023/11/10/migrant-udaril-v-nos-zhenschinu-kontrolera-v-metro-moskvy-i-popal-na-video/,none,0,place_random
https://lenta.ru/news/2024/02/15/gubernator-opublikoval-kadry-zagorevsheysya-posle-ataki-vsu-neftebazy-pod-kurskom/,attack,1,place_random
https://lenta.ru/news/2023/07/04/kaluzh/,none,0,place_random
https://lenta.ru/news/2023/12/19/bezdomnye-dernuli-dver-v-moskve-i-ustroili-debosh-v-posolstve/,none,0,place_random
https://lenta.ru/news/2023/06/03/bespilotnik/,attack,1,place_random
https://lenta.ru/news/2023/08/03/giyhvfh/,none,0,place_random
https://lenta.ru/news/2024/12/12/za-kvartiru-v-moskve-sluchayno-poprosili-16-milliardov-rubley/,none,0,place_random
https://lenta.ru/news/2024/07/09/glava-dagestana-dal-harakteristiku-semyam-ustroivshih-terakty-v-iyune/,none,0,place_random
https://lenta.ru/news/2024/11/22/minoborony-raskrylo-detali-boev-v-kurskoy-oblasti/,none,0,place_random
https://lenta.ru/news/2023/10/30/glava-dagestana-obvinil-uchastnikov-besporyadkov-v-predatelstve/,demand,1,place_random
https://lenta.ru/news/2024/04/21/konfiskovannuyu-za-netrezvuyu-ezdu-mashinu-iz-permskogo-kraya-peredali-v-zonu-svo/,none,0,place_random
https://lenta.ru/news/2024/05/28/poyavilis-podrobnosti-o-posledstviyah-padeniya-oblomkov-malorazmernogo-vozdushnogo-shara/,none,0,place_random
https://lenta.ru/news/2024/04/30/v-moskve-rebenok-popal-v-bolnitsu-iz-za-naezda-devushki-na-elektrosamokate/,none,0,place_random
https://lenta.ru/news/2024/02/24/v-tulskoy-oblasti-sbili-tretiy-za-noch-bespilotnik/,none,0,place_random
https://lenta.ru/news/2023/11/10/maison_dellos/,none,0,place_random
https://lenta.ru/news/2023/06/24/liperck/,attack,1,place_random
https://lenta.ru/news/2025/03/21/zhiteli-kurskoy-oblasti-rasskazali-o-zhelavshih-vykolot-im-glaza-ukraintsah/,attack,1,place_random
https://lenta.ru/news/2024/01/04/elka/,none,0,place_random
https://lenta.ru/news/2024/05/16/kaluzhskuyu-oblast-pytalsya-atakovat-bespilotnik-vsu/,none,0,place_random
https://lenta.ru/news/2025/02/24/rossiyskie-kazaki-zahoteli-vernut-trampu-zvanie-esaula-i-vruchit-imennuyu-shashku/,none,0,place_random
https://lenta.ru/news/2024/08/21/nazvana-data-zaversheniya-proektirovaniya-vsm-moskva-sankt-peterburg/,production_pos,1,place_random
https://lenta.ru/news/2024/09/19/minoborony-zayavilo-o-kontratakah-vsu-v-kurskoy-oblasti/,none,0,place_random
https://lenta.ru/news/2023/08/28/bpla_video/,none,0,place_random
https://lenta.ru/news/2023/10/25/kadyrov-poblagodaril-minnihanova-za-nagrazhdenie-izbivshego-podzhigatelya-korana-syna/,none,0,place_random
https://lenta.ru/news/2024/02/07/okkupatsia/,none,0,place_random
https://lenta.ru/news/2024/03/14/minoborony-zayavilo-ob-unichtozhenii-bespilotnika-nad-orlovskoy-oblastyu/,none,0,place_random
https://lenta.ru/news/2023/06/05/bplaaad/,attack,1,place_random
https://lenta.ru/news/2024/07/29/den-vmf-v-peterburge-zavershilsya-salyutom/,none,0,place_random
https://lenta.ru/news/2024/12/06/smirnov/,none,0,place_random
https://lenta.ru/news/2025/02/05/stala-izvestna-prichina-konflikta-s-pohischeniem-cheloveka-v-moskve/,none,0,place_random
https://lenta.ru/news/2024/03/20/nazvana-vozmozhnaya-tsel-sbityh-v-saratovskoy-oblasti-bespilotnikov/,none,0,place_random
https://lenta.ru/news/2024/04/08/slozhilsya-kak-kartochnyy-domik-most-s-mashinami-ruhnul-na-zheleznuyu-dorogu-v-smolenskoy-oblasti/,emergency,1,place_random
https://lenta.ru/news/2024/08/18/raskryty-obschie-poteri-vsu-v-kurskoy-oblasti/,none,0,place_random
https://lenta.ru/news/2023/08/14/ugrozaaa/,emergency,1,place_random
https://lenta.ru/news/2024/08/12/iz-kurskoy-oblasti-evakuirovali-121-tysyachu-chelovek/,attack,2,place_random
https://lenta.ru/news/2024/07/19/poyavilis-podrobnosti-ob-atake-vsu-na-muzhskoy-monastyr-pod-kurskom/,attack,1,place_random
https://lenta.ru/news/2023/09/05/drondetails/,none,0,place_random
https://lenta.ru/news/2024/04/17/v-tatarstane-rasskazali-o-posledstviyah-ataki-bespilotnika-vsu/,attack,1,place_random
https://lenta.ru/news/2024/01/31/sotrudniki-firm-opisali-posledstviya-padeniya-bpla-v-peterburge-frazoy-vse-upalo/,attack,1,place_random
https://lenta.ru/news/2023/04/10/posilka/,none,0,place_random
https://lenta.ru/news/2023/08/31/salam/,none,0,place_random
https://lenta.ru/news/2023/10/09/greta/,none,0,place_random
https://lenta.ru/news/2024/10/16/rossiyskie-snaypery-raskryli-osnovnye-tseli-v-kurskoy-oblasti/,none,0,place_random
https://lenta.ru/news/2023/01/16/rebenok/,none,0,place_random
https://lenta.ru/news/2023/08/22/vernulis/,attack,1,place_random
https://lenta.ru/news/2024/08/07/iz-obstrelivaemyh-territoriy-kurskoy-oblasti-nachali-vyvozit-zhiteley/,attack,2,place_random
https://lenta.ru/news/2025/01/16/v-detsadu-peterburga-pyatiletnemu-malchiku-sluchayno-vkololi-preporat-dlya-detey-s-dtsp/,none,0,place_random
https://lenta.ru/news/2023/02/19/gornal/,attack,1,place_random
https://lenta.ru/news/2023/09/07/bespilot_perehvat/,none,0,place_random
https://lenta.ru/news/2024/12/16/v-sankt-peterburge-migrantam-nashli-zamenu-dlya-uborki-snega/,demand,1,place_random
https://lenta.ru/news/2024/03/12/mestnyy-zhitel-postradal-pri-obstrele-vsu-kurskoy-oblasti/,attack,1,place_random
https://lenta.ru/news/2023/09/20/mch/,emergency,1,place_random
https://lenta.ru/news/2024/03/01/poyavilis-podrobnosti-o-popytke-ataki-dronov-na-nizhegorodskuyu-oblast/,none,0,place_random
https://lenta.ru/news/2024/08/30/aliev/,none,0,place_random
https://lenta.ru/news/2024/09/10/moskvu-i-moskovskuyu-oblast-pytalis-atakovat-ukrainskie-drony-chto-ob-etom-izvestno/,none,0,place_random
https://lenta.ru/news/2024/08/13/minoborony-pokazalo-novye-kadry-udara-po-boytsam-i-tehnike-vsu-v-kurskoy-oblasti/,none,0,place_random
https://lenta.ru/news/2023/04/14/drak_srtoy/,none,0,place_random
https://lenta.ru/news/2024/11/22/yarmarkami/,none,0,place_random
https://lenta.ru/news/2024/12/16/glava-rayona-v-kurskoy-oblasti-soobschil-ob-atake-drona-vsu-po-motorolleru-s-mirnym-zhitelem/,attack,1,place_random
https://lenta.ru/news/2023/01/16/draka_russia/,none,0,place_random
https://lenta.ru/news/2024/12/18/v-moskve-proveryat-semyu-zhivuschego-s-14-detmi-v-treshke-skandalno-izvestnogo-mnogozhentsa/,none,0,place_random
https://lenta.ru/news/2024/10/14/intensiv/,none,0,place_random
https://lenta.ru/news/2023/12/31/postradavshih-v-belgorode-dostavyat-v-moskvu-spetsbortom/,attack,1,place_random
https://lenta.ru/news/2023/04/27/piter/,none,0,place_random
https://lenta.ru/news/2024/02/25/v-moskve-nashli-pyat-sobak-v-zapertom-furgone/,none,0,place_random
https://lenta.ru/news/2024/11/26/predskazano-buduschee-tsen-na-zhilie-v-moskve-posle-novogo-goda/,prices,1,place_random
https://lenta.ru/news/2024/10/31/kursk/,none,0,place_random
https://lenta.ru/news/2024/03/14/v-orlovskoy-oblasti-sbili-ocherednoy-bespilotnik/,none,0,place_random
https://lenta.ru/news/2023/08/29/mi/,none,0,place_random
https://lenta.ru/news/2024/04/24/ataku-vsu-smolenskoy-oblasti/,attack,1,place_random
https://lenta.ru/news/2023/11/17/bolee-100-chelovek-podralis-na-stroyke-neboskreba-v-moskve-oni-krichali-allahu-akbar-i-bili-drug-druga-armaturoy/,none,0,place_random
https://lenta.ru/news/2024/05/13/raskryta-opasnost-anomalnyh-holodov-v-moskve/,none,0,place_random
https://lenta.ru/news/2024/06/21/ustroivshiy-pogrom-v-moskve-uragan-doshel-do-tsentra-rossii/,emergency,1,place_random
https://lenta.ru/news/2024/04/15/uroven-vody-reki-tobol-v-kurgane-snova-podnyalsya/,emergency,2,place_random
https://lenta.ru/news/2024/08/12/rossiyskiy-general-s-ezdil-v-kurskuyu-oblast-i-raskritikoval-vozvedennuyu-tam-liniyu-oborony/,none,0,place_random
https://lenta.ru/news/2025/02/26/rossiyskie-voennye-nachali-shturmovat-pozitsii-vsu-v-kurskoy-oblasti/,attack,1,place_random
https://lenta.ru/news/2024/04/16/pod-moskvoy-pyatiklassnik-napal-na-mat-i-okazalsya-v-psihbolnitse/,none,0,place_random
https://lenta.ru/news/2024/02/01/pod-peterburgom-dachniki-otravilis-gazom/,none,0,place_random
https://lenta.ru/news/2023/12/23/poyavilis-podrobnosti-ob-obrushenii-gorki-v-hakasii/,emergency,1,place_random
https://lenta.ru/news/2024/12/23/hinshteyn-osvobodil-ot-dolzhnosti-gendirektora-korporatsii-razvitiya-kurskoy-oblasti/,none,0,place_random
https://lenta.ru/news/2023/01/25/dtp/,none,0,place_random
https://lenta.ru/news/2023/08/30/ryazyn/,none,0,place_random
https://lenta.ru/news/2024/06/06/v-karelii-nachali-rabotat-novye-beloporozhskie-ges/,production_pos,1,place_random
https://lenta.ru/news/2023/07/30/maryel/,emergency,1,place_random
https://lenta.ru/news/2023/06/23/bpla_school/,none,0,place_random
https://lenta.ru/news/2024/06/20/iz-za-edgara-po-moskve-pobezhali-biotualety/,emergency,1,place_random
https://lenta.ru/news/2024/09/13/raskryty-poteri-ukrainskih-voysk-s-nachala-vtorzheniya-v-kurskuyu-oblast/,none,0,place_random
https://lenta.ru/news/2023/05/30/moskva/,none,0,place_random
https://lenta.ru/news/2024/10/10/ukraina-atakovala-bespilotnikom-orlovskuyu-oblast/,none,0,place_random
https://lenta.ru/news/2023/08/08/drone/,attack,1,place_random
https://lenta.ru/news/2024/04/23/vlasti-oprovergli-otsutstvie-kompensatsiy-u-vdovy-boytsa-svo-v-zatoplennom-orske/,fiscal,1,place_random
https://lenta.ru/news/2024/09/21/v-tverskoy-oblasti-vremenno-prekratili-dvizhenie-na-uchastke-trassy-m-9/,demand,1,place_random
https://lenta.ru/news/2023/09/27/fiass/,attack,1,place_random
https://lenta.ru/news/2024/08/13/uchastnik-svo-zayavil-o-blokirovke-popytok-proryva-vsu-v-kurskoy-oblasti/,none,0,place_random
https://lenta.ru/news/2023/04/28/blsh/,none,0,place_random
https://lenta.ru/news/2023/11/13/v-moskve-sbituyu-feldsherom-pyatiletnyuyu-devochku-priznali-vinovnoy-v-dtp/,none,0,place_random
https://lenta.ru/news/2024/12/25/hinshteyn-soobschil-o-zhertvah-posle-obstrela-vsu-lgova-v-kurskoy-oblasti/,attack,1,place_random
https://lenta.ru/news/2025/03/14/v-rossii-podveli-itogi-vtorzheniya-vsu-v-kurskuyu-oblast/,attack,1,place_random
https://lenta.ru/news/2023/04/13/skelet/,none,0,place_random
https://lenta.ru/news/2023/06/25/work_work/,none,0,place_random
https://lenta.ru/news/2024/12/22/v-kurskoy-oblasti-otrazheny-tri-ataki-ukrainskih-shturmovyh-otryadov/,none,0,place_random
https://lenta.ru/news/2023/08/08/doroga/,none,0,place_random
https://lenta.ru/news/2024/01/21/pvo-sbila-bespilotnik-nad-tulskoy-oblastyu/,none,0,place_random
https://lenta.ru/news/2025/01/12/sinoptik-sprognoziroval-uluchshenie-pogody-v-leningradskoy-oblasti/,none,0,place_random
https://lenta.ru/news/2025/03/29/zhitelnitsa-kurskoy-oblasti-rasskazala-o-zabiravshih-telefony-boytsah-vsu/,attack,1,place_random
https://lenta.ru/news/2023/10/18/sal/,none,0,place_random
https://lenta.ru/news/2024/09/02/chislo-postradavshih-iz-za-ataki-vsu-kurskoy-oblasti-uvelichilos/,attack,1,place_random
https://lenta.ru/news/2024/08/08/stalo-izvestno-o-raneniyah-bolshinstva-postradavshih-pri-obstrelah-zhiteley-kurskoy-oblasti/,attack,1,place_random
https://lenta.ru/news/2023/12/01/vmeste/,none,0,place_random
https://lenta.ru/news/2024/06/22/putin-vozlozhil-tsvety-k-mogile-neizvestnogo-soldata-v-moskve/,none,0,place_random
https://lenta.ru/news/2025/02/06/rosneft-modernizirovala-uchebnye-laboratorii-vuzov-i-tehnikumov-samarskoy-oblasti/,none,0,place_random
https://lenta.ru/news/2024/12/19/rossiyanka-rasskazala-o-pervyh-zahodivshih-v-kurskuyu-oblast-inostrannyh-naemnikah-vsu/,none,0,place_random
https://lenta.ru/news/2024/09/04/morpehi-unichtozhili-ukrainskuyu-drg-v-strelkovom-boyu-v-kurskoy-oblasti/,none,0,place_random
https://lenta.ru/news/2024/07/24/stalo-izvestno-o-sostoyanii-postradavshego-voditelya-pri-podryve-avto-v-moskve/,none,0,place_random
https://lenta.ru/news/2024/03/12/baza/,attack,1,place_random
https://lenta.ru/news/2024/10/11/neskolko-desyatkov-lyudey-spasli-iz-zony-boevyh-deystviy-v-kurskoy-oblasti/,attack,1,place_random
https://lenta.ru/news/2024/08/06/dva-rebenka-postradali-iz-za-ataki-bespilotnika-v-kurskoy-oblasti/,attack,1,place_random
https://lenta.ru/news/2024/10/20/sobyanin-soobschil-o-sbitom-v-ramenskom-gorodskom-okruge-bpla/,none,0,place_random
https://lenta.ru/news/2025/01/29/v-peterburge-vpervye-reshili-pomyt-dorogi-v-yanvare/,none,0,place_random
https://lenta.ru/news/2024/04/10/v-moskve-detsadovets-skinul-nyudsy-predstavivshimsya-vladom-bumagoy-moshennikam/,none,0,place_random
https://lenta.ru/news/2023/09/10/moscow/,none,0,place_random
https://lenta.ru/news/2023/12/03/massovoe-dtp-iz-za-snegopada-v-moskve-popalo-na-video/,none,0,place_random
https://lenta.ru/news/2024/08/09/v-mchs-rasskazali-o-vyplatah-postradavshim-ot-ataki-vsu-zhitelyam-kurskoy-oblasti/,fiscal,1,place_random
https://lenta.ru/news/2024/02/23/mery/,fiscal,1,place_random
https://lenta.ru/news/2024/04/02/respond/,none,0,place_random
https://lenta.ru/news/2023/12/29/v-dagestane-vosstanovili-narushennoe-iz-za-nepogody-energosnabzhenie/,emergency,1,place_random
https://lenta.ru/news/2024/09/20/na-zapade-moskvy-proizoshlo-krupnoe-dtp/,none,0,place_random
https://lenta.ru/news/2023/04/16/fire/,none,0,place_random
https://lenta.ru/news/2024/07/12/v-moskve-migranty-vygnali-detey-so-sportploschadki-i-popali-na-video/,none,0,place_random
https://lenta.ru/news/2025/01/31/v-kurskoy-oblasti-zayavili-o-prekraschenii-vydachi-pitaniya-chasti-bezhentsev/,fiscal,1,place_random
https://lenta.ru/news/2025/03/04/v-moskve-muzhchina-popytalsya-ostanovit-proezzhayuschiy-kortezh-u-kremlya-i-poplatilsya/,none,0,place_random
https://lenta.ru/news/2024/12/02/vzyatyy-v-plen-v-kurskoy-oblasti-boets-vsu-rasskazal-ob-obmane-komandirov/,none,0,place_random
https://lenta.ru/news/2024/12/06/v-rossii-nazvali-beschelovechnoy-himataku-vsu-na-kurskuyu-oblast/,attack,1,place_random
https://lenta.ru/news/2023/05/08/snaryadd/,attack,1,place_random
https://lenta.ru/news/2023/08/09/dagestam/,emergency,1,place_random
https://lenta.ru/news/2024/05/31/v-moskve-proshel-samyy-teplyy-den/,none,0,place_random
https://lenta.ru/news/2024/09/13/teplosetey/,fiscal,1,place_random
https://lenta.ru/news/2024/08/09/gubernator-lipetskoy-oblasti-prokommentiroval-prizyvy-pokinut/,attack,1,place_random
https://lenta.ru/news/2024/08/23/stalo-izvestno-o-sostoyanii-popavshih-pod-obstrel-vsu-v-kurskoy-oblasti-rossiyanah/,attack,1,place_random
https://lenta.ru/news/2024/08/12/raskryto-posledstvie-ataki-vsu-na-kurskuyu-oblast-dlya-sbora-zernovyh/,attack,1,place_random
https://lenta.ru/news/2024/12/07/hinshteyn-otkazalsya-menyat-pravitelstvo-kurskoy-oblasti/,none,0,place_random
https://lenta.ru/news/2024/08/20/vybory-gubernatora-kurskoy-oblasti-reshili-provesti-podalshe-ot-atakovannyh-territoriy/,none,0,place_random
https://lenta.ru/news/2023/11/20/pod-moskvoy-shkolnitsa-slomala-pozvonochnik-na-prazdnovanii-dnya-rozhdeniya/,none,0,place_random
https://lenta.ru/news/2023/12/19/sotscoor/,fiscal,1,place_random
https://lenta.ru/news/2023/07/30/tetkino/,attack,1,place_random
https://lenta.ru/news/2025/02/10/v-moskve-proydet-massovoe-katanie-pod-muzykalnye-hity/,none,0,place_random
https://lenta.ru/news/2024/10/10/stoimost-odnogo-tipa-zhilya-v-moskve-snizilas/,prices,1,place_random
https://lenta.ru/news/2024/11/10/gubernator-tulskoy-oblasti-soobschil-ob-otrazhenii-ataki-bespilotnikov-vsu/,none,0,place_random
https://lenta.ru/news/2025/01/10/minoborony-soobschilo-o-kontratakah-vsu-v-kurskoy-oblasti/,none,0,place_random
https://lenta.ru/news/2024/12/21/v/,none,0,place_random
https://lenta.ru/news/2024/06/23/v-hode-ataki-vsu-na-sevastopol-pogibla-doch-zammera-magadana/,attack,1,place_random
https://lenta.ru/news/2025/01/14/five-to-one/,production_pos,1,place_random
https://lenta.ru/news/2023/08/23/passazhhir/,none,0,place_random
https://lenta.ru/news/2023/01/18/musem/,none,0,place_random
https://lenta.ru/news/2024/03/04/sobyanin-dolozhil-putinu-ob-ustoychivom-roste-ekonomiki-moskvy/,demand,1,place_random
https://lenta.ru/news/2024/09/06/nachalis/,none,0,place_random
https://lenta.ru/news/2023/11/15/poliklinika/,none,0,place_random
https://lenta.ru/news/2024/11/14/teplosetey/,fiscal,1,place_random
https://lenta.ru/news/2024/06/03/podzhigatelya-hrama-v-tyumeni-vychislili-po-kameram/,none,0,place_random
https://lenta.ru/news/2024/10/24/zhitelnitsa-rasskazala-ob-udarah-vsu-v-nachale-vtorzheniya-v-kurskuyu-oblast/,none,0,place_random
https://lenta.ru/news/2025/01/24/voznikshiy-posle-ataki-bespilotnikov-moschnyy-pozhar-v-zhilom-dome-ryazani-snyali-na-video/,attack,1,place_random
https://lenta.ru/news/2024/08/22/putin-nagradil-dvuh-pogibshih-pri-atake-vsu-v-kurskoy-oblasti-volonterov/,none,0,place_random
https://lenta.ru/news/2024/10/19/v-moskve-umer-byvshiy-vitse-prezident-yukosa/,none,0,place_random
https://lenta.ru/news/2024/01/16/bplamsk/,none,0,place_random
https://lenta.ru/news/2023/08/23/priostanovka_raboty/,demand,1,place_random
https://lenta.ru/news/2024/10/19/matvienko-zayavila-ob-opredelyayuschem-hod-istorii-znachenii-sammita-briks-v-kazani/,none,0,place_random
https://lenta.ru/news/2023/04/11/obrushenie/,none,0,place_random
https://lenta.ru/news/2024/10/01/na-urale-uchitelya-pozhalovalis-na-otobrannuyu-chast-zarplaty-v-pomosch-kurskoy-oblasti/,fiscal,1,place_random
https://lenta.ru/news/2024/11/08/rossiyskie-voennye-v-kurskoy-oblasti-obmanom-vymanili-boytsov-vsu-i-nakryli-ognem/,none,0,place_random
https://lenta.ru/news/2024/12/13/molnienosno-vorvalis-voenkor-rasskazal-o-reshenii-spetsnaza-kndr-ne-brat-plennyh-pod-kurskom/,none,0,place_random
https://lenta.ru/news/2023/04/26/povesttt/,none,0,place_random
https://lenta.ru/news/2025/02/13/v-kurskoy-oblasti-sorvali-rotatsiyu-podrazdeleniy-vsu/,none,0,place_random
https://lenta.ru/news/2024/11/22/kvartiry-v-moskve-rezko-umenshilis/,none,0,place_random
https://lenta.ru/news/2024/12/23/v-moskve-podrostki-tolpoy-izbili-shkolnika-i-nachali-shantazhirovat-ego-sestru/,none,0,place_random
https://lenta.ru/news/2025/03/11/nazvany-rayony-moskvy-s-samoy-podorozhavshey-vtorichkoy/,prices,1,place_random
https://lenta.ru/news/2025/02/06/vsu-nachali-novoe-nastuplenie-v-kurskoy-oblasti/,attack,2,place_random
https://lenta.ru/news/2025/01/28/raskryty-novye-podrobnosti-o-boyah-v-kurskoy-oblasti/,none,0,place_random
https://lenta.ru/news/2024/09/01/ochevidtsy-snyali-video-s-letevshim-na-moskvu-bespilotnikom/,none,0,place_random
https://lenta.ru/news/2024/12/21/ataka-dronov-na-kazan/,attack,1,place_random
https://lenta.ru/news/2024/11/19/zhiteli-moskvy-mogut-rasschityvat-na-62-5-tysyachi-rubley-v-rossii-nazvali-spravedlivyy-razmer-pensii/,none,0,place_random
https://lenta.ru/news/2024/08/13/cobyanin-vyskazalsya-o-zaschite-moskvy-ot-atak-vsu/,none,0,place_random
https://lenta.ru/news/2024/12/14/rabotu/,none,0,place_random
https://lenta.ru/news/2024/04/07/v-orenburge-iz-za-pavodka-ogranichili-dvizhenie-avtomobiley/,emergency,1,place_random
https://lenta.ru/news/2023/08/30/posledstvia/,attack,1,place_random
https://lenta.ru/news/2023/12/14/pod-moskvoy-pensioner-obnes-seks-shop/,none,0,place_random
https://lenta.ru/news/2024/09/01/sily-pvo-sbili-chetyre-bespilotnika-na-podlete-k-moskve-kakie-esche-regiony-otrazhali-massirovannuyu-ataku-vsu/,none,0,place_random
https://lenta.ru/news/2023/09/27/dronnn/,none,0,place_random
https://lenta.ru/news/2024/07/07/v-kurskoy-oblasti-unichtozhili-shest-ukrainskih-dronov/,none,0,place_random
https://lenta.ru/news/2024/09/22/otkazyvayuschiesya-ot-evakuatsii-zhiteli-kurskoy-oblasti-popali-na-video/,attack,1,place_random
https://lenta.ru/news/2024/07/09/v-dagestane-uprazdnili-otkazavshiy-v-zaprete-nosheniya-nikaba-otdel-fetv/,none,0,place_random
https://lenta.ru/news/2025/03/20/zelenskyyy/,none,0,place_random
https://lenta.ru/news/2024/09/26/nazvano-luchshee-vremya-goda-dlya-pokupki-kvartiry-v-moskve/,none,0,place_random
https://lenta.ru/news/2024/08/10/rossiyskie-tankisty-zanyali-pozitsii-dlya-unichtozheniya-bronegrupp-vsu-pod-kurskom/,none,0,place_random
https://lenta.ru/news/2023/08/15/mahackala_new/,emergency,1,place_random
https://lenta.ru/news/2025/02/07/v-kazani-obsudili-investproekty-s-uchastiem-vsemirno-izvestnogo-biznesmena-iz-oae/,production_pos,1,place_random
https://lenta.ru/news/2024/09/03/minoborony-pokazalo-video-sbrosa-aviabomb-fab-500-na-zhivuyu-silu-vsu-v-kurskoy-oblasti/,none,0,place_random
https://lenta.ru/news/2023/06/05/deputat/,prices,1,place_random
https://lenta.ru/news/2024/04/10/uroven-vody-v-reke-ural-v-orenburge-prevysil-kriticheskuyu-otmetku-pochti-na-metr/,emergency,2,place_random
https://lenta.ru/news/2023/06/19/omsk/,production_pos,1,place_random
https://lenta.ru/news/2024/11/10/esche-pyat-bespilotnikov-sbity-na-podlete-k-moskve/,none,0,place_random
https://lenta.ru/news/2024/09/24/orsk-zatop/,emergency,1,place_random
https://lenta.ru/news/2024/08/30/nad-rossiey-za-noch-sbili-pochti-20-bespilotnikov-vsu-pytalis-atakovat-aeroport-kalugi/,none,0,place_random
https://lenta.ru/news/2023/09/03/dronn_/,attack,1,place_random
https://lenta.ru/news/2024/06/04/vsu-obstrelyali-12-naselennyh-punktov-kurskoy-oblasti/,attack,1,place_random
https://lenta.ru/news/2025/02/27/opisana-obstanovka-v-kurskoy-oblasti-posle-nachala/,attack,1,place_random
https://lenta.ru/news/2024/10/24/stalo-izvestno-ob-osvobozhdenii-esche-odnogo-naselennogo-punkta-v-kurskoy-oblasti/,none,0,place_random
https://lenta.ru/news/2024/12/25/vsu-obstrelyali-gorod-v-kurskoy-oblasti-tselyu-mogla-byt-koloniya-s-plennymi-ukrainskimi-voennymi/,attack,1,place_random
https://lenta.ru/news/2023/07/20/sanitarr/,none,0,place_random
https://lenta.ru/news/2023/03/02/kolyaska/,none,0,place_random
https://lenta.ru/news/2024/08/09/v-odnom-iz-rayonov-kurskoy-oblasti-ob-yavili-dobrovolnuyu-evakuatsiyu/,attack,1,place_random
https://lenta.ru/news/2024/11/20/v-peterburge-predlozhili-arendovat-podval-s-mikrovhodom/,none,0,place_random
https://lenta.ru/news/2023/09/12/gorod/,none,0,place_random
https://lenta.ru/news/2024/06/27/vagon/,emergency,1,place_random
https://lenta.ru/news/2024/08/07/rossiyane-poprosili-vyvezti-sidyaschih-v-podvalah-rodnyh-iz-obstrelivaemoy-kurskoy-oblasti/,attack,1,place_random
https://lenta.ru/news/2024/06/20/smerchi-obrushilis-na-moskvu-i-popali-na-video/,emergency,1,place_random
https://lenta.ru/news/2024/08/21/sobyanin-soobschil-o-sbitom-bespilotnike-v-podolskom-gorodskom-okruge/,none,0,place_random
https://lenta.ru/news/2024/11/25/stachka/,production_neg,1,place_random
https://lenta.ru/news/2023/08/11/podrobno/,none,0,place_random
https://lenta.ru/news/2023/08/09/hurt/,none,0,place_random
https://lenta.ru/news/2024/05/11/glava-komi-soobschil-o-planah-priehat-na-mesto-obrusheniya-pyatietazhnogo-doma/,emergency,1,place_random
https://lenta.ru/news/2024/10/15/sidevshie-za-iznasilovanie-soldaty-vsu-sdalis-v-plen-v-kurskoy-oblasti/,none,0,place_random
https://lenta.ru/news/2024/06/27/sinoptik-nazval-prichinu-shoda-s-relsov-passazhirskogo-poezda-v-komi/,emergency,1,place_random
https://lenta.ru/news/2024/04/13/v-chetyreh-selah-kurganskoy-oblasti-nachali-evakuatsiyu/,emergency,2,place_random
https://lenta.ru/news/2024/08/19/v-moskve-pod-vnedorozhnik-vracha-podlozhili-granatu/,none,0,place_random
https://lenta.ru/news/2024/08/24/komandir-spetsnaza-ahmat-rasskazal-o-popytkah-kontratak-vsu-v-kurskoy-oblasti/,none,0,place_random
https://lenta.ru/news/2023/04/04/video/,none,0,place_random
https://lenta.ru/news/2023/05/31/putin_razvedka/,none,0,place_random
https://lenta.ru/news/2024/05/04/v-omske-shestiletnyaya-devochka-vyzhila-posle-padeniya-s-13-etazha/,none,0,place_random
https://lenta.ru/news/2023/07/17/510/,none,0,place_random
https://lenta.ru/news/2023/11/28/v-moskve-umer-znamenityy-izobretatel-keramicheskogo-bronezhileta/,none,0,place_random
https://lenta.ru/news/2024/11/11/plennyy-ukrainskiy-voennyy-rasskazal-ob-otkazyvavshihsya-ehat-v-kurskuyu-oblast-boytsah-vsu/,none,0,place_random
https://lenta.ru/news/2024/12/03/v-peterburge-zatonul-passazhirskiy-teplohod/,none,0,place_random
https://lenta.ru/news/2024/09/17/boy-za-naselennyy-punkt-v-kurskoy-oblasti-snyali-na-video-ot-pervogo-litsa/,none,0,place_random
https://lenta.ru/news/2025/03/20/stalo-izvestno-o-dvuh-liniyah-zagradotryadov-vsu-za-mobilizovannymi-v-kurskoy-oblasti/,none,0,place_random
https://lenta.ru/news/2023/04/28/smog/,emergency,1,place_random
https://lenta.ru/news/2025/03/13/poyavilis-snyatye-boytsami-vsu-kadry-evakuatsii-iz-kurskoy-oblasti-pod-zvuki-vzryvov/,attack,1,place_random
https://lenta.ru/news/2023/06/08/nami_prodast/,production_neg,1,place_random
https://lenta.ru/news/2024/10/28/glave-komi-predrekli-skoruyu-otstavku-chem-on-vyzval-nedovolstvo-administratsii-prezidenta/,none,0,place_random
https://lenta.ru/news/2024/08/16/rossiyskie-voennye-vybili-vsu-iz-sela-snagost-pod-kurskom/,none,0,place_random
https://lenta.ru/news/2023/04/27/logou/,emergency,1,place_random
https://lenta.ru/news/2025/03/07/poyavilos-pervoe-video-iz-osvobozhdennogo-ot-vsu-naselennogo-punkta-v-kurskoy-oblasti/,none,0,place_random
https://lenta.ru/news/2025/01/14/zhiteli-tulskoy-oblasti-soobschili-o-vzryvah-i-rabote-pvo/,attack,1,place_random
https://lenta.ru/news/2024/09/02/v-kremle-raskryli-plany-putina-na-predstoyaschie-vybory-v-moskve/,none,0,place_random
https://lenta.ru/news/2024/08/22/vlasti-raskryli-chislo-evakuirovannyh-iz-prigranichnyh-rayonov-kurskoy-oblasti/,attack,2,place_random
https://lenta.ru/news/2023/09/01/sobianin/,none,0,place_random
https://lenta.ru/news/2024/01/11/minoborony-zayavilo-ob-porazhenii-bpla-v-rostovskoy-tulskoy-i-kaluzhskoy-oblastyah/,none,0,place_random
https://lenta.ru/news/2023/07/26/ribalka/,none,0,place_random
https://lenta.ru/news/2024/08/07/muzykalnyy/,none,0,place_random
https://lenta.ru/news/2023/08/22/vorobiov/,attack,1,place_random
https://lenta.ru/news/2025/01/04/shturmovik-iz-yakutii-rasskazal-o-reaktsii-semi-na-pobedu-v-rukopashnom-boyu-v-zone-svo/,none,0,place_random
https://lenta.ru/news/2024/03/13/vlasti-pskovskoy-oblasti-otvetili-na-zhaloby-zhiteley-o-zvukah-vzryva/,none,0,place_random
https://lenta.ru/news/2024/06/03/v-moskve-migrant-vysadil-iz-taksi-boytsov-svo-posle-slov-o-terakte-v-krokuse/,none,0,place_random
https://lenta.ru/news/2024/04/11/glava-minstroya-raskritikoval-stavshuyu-prichinoy-navodneniya-v-orske-dambu/,emergency,1,place_random
https://lenta.ru/news/2023/03/03/sbili/,none,0,place_random
https://lenta.ru/news/2024/07/11/pvo-sbila-letevshiy-na-moskvu-bespilotnik/,none,0,place_random
https://lenta.ru/news/2023/04/14/mskkk/,none,0,place_random
https://lenta.ru/news/2023/11/17/vystavka/,none,0,place_random
https://lenta.ru/news/2023/11/22/conferentsiya/,none,0,place_random
https://lenta.ru/news/2024/08/27/pod-peterburgom-nashli/,none,0,place_random
https://lenta.ru/news/2024/04/30/stala-izvestna-prichina-masshtabnogo-pozhara-v-buryatii/,emergency,1,place_random
https://lenta.ru/news/2024/08/14/vlasti-soobschili-o-prodolzhenii-evakuatsii-v-odnom-iz-rayonov-kurskoy-oblasti/,attack,1,place_random
https://lenta.ru/news/2024/10/01/otkryli/,none,0,place_random
https://lenta.ru/news/2023/04/03/kompensatsia/,fiscal,1,place_random
https://lenta.ru/news/2024/08/07/v-kurskoy-oblasti-na-fone-atak-vsu-vveli-rezhim-chs/,attack,2,place_random
https://lenta.ru/news/2023/11/30/svadva/,none,0,place_random
https://lenta.ru/news/2023/10/24/razygraet/,none,0,place_random
https://lenta.ru/news/2024/10/20/raskryty-poteri-vsu-v-kurskoy-oblasti/,none,0,place_random
https://lenta.ru/news/2023/10/01/smolensk/,none,0,place_random
https://lenta.ru/news/2023/10/12/yahta-s-di-kaprio-sela-na-mel/,none,0,place_random
https://lenta.ru/news/2025/02/03/ochevidtsy-opisali-pervye-minuty-posle-vzryva-v-elitnom-zhk-v-moskve/,emergency,1,place_random
https://lenta.ru/news/2025/03/11/stalo-izvestno-o-bezuspeshnyh-popytkah-vsu-pokinut-kurskuyu-oblast/,none,0,place_random
https://lenta.ru/news/2024/08/16/ombudsmen-zayavila-ob-evakuatsii-50-detey-iz-opasnyh-rayonov-kurskoy-oblasti/,attack,1,place_random
https://lenta.ru/news/2024/05/23/poyavilis-kadry-momenta-vzryva/,none,0,place_random
https://lenta.ru/news/2024/10/25/plennye-soldaty-vsu-rasskazali-ob-otkaze-v-evakuatsii-iz-kurskoy-oblasti/,none,0,place_random
https://lenta.ru/news/2023/12/23/chislo-postradavshih-detey-iz-za-obrusheniya-gorki-v-hakasii-uvelichilos/,emergency,1,place_random
https://lenta.ru/news/2024/04/01/v-moskve-evakuirovali-studentov-iz-neskolkih-vuzov-iz-za-ugrozy-vzryva/,none,0,place_random
https://lenta.ru/news/2024/11/18/sobyanin-soobschil-ob-unichtozhenii-bespilotnika-v-ramenskom-gorodskom-okruge/,none,0,place_random
https://lenta.ru/news/2023/03/16/piterss/,none,0,place_random
https://lenta.ru/news/2023/05/08/pozdr/,none,0,place_random
https://lenta.ru/news/2023/07/06/cap_fire/,none,0,place_random
https://lenta.ru/news/2024/04/04/minoborony-zayavilo-o-perehvate-dronov-nad-belgorodskoy-i-tulskoy-oblastyami/,none,0,place_random
https://lenta.ru/news/2025/02/14/polsotni-migrantov-otravilis-v-moskve/,none,0,place_random
https://lenta.ru/news/2025/02/14/kolpino-svet/,emergency,1,place_random
https://lenta.ru/news/2024/11/26/minoborony-zayavilo-o-dvuh-udarah-vsu-po-kurskoy-oblasti-zapadnym-dalnoboynym-oruzhiem/,none,0,place_random
https://lenta.ru/news/2023/12/22/kitaytsy-zahoteli-posnimat-panoramu-moskvy-i-okazalis-v-politsii/,none,0,place_random
https://lenta.ru/news/2025/01/28/ponyatie-zelenogo-karkasa-voshlo-v-kontseptsiyu-novogo-ekologicheskogo-zakonodatelstva-moskvy/,none,0,place_random
https://lenta.ru/news/2024/09/01/raskryty-detali/,none,0,place_random
https://lenta.ru/news/2024/08/20/minoborony-pokazalo-kadry-porazheniya-kolonny-tehniki-vsu-v-kurskoy-oblasti/,none,0,place_random
https://lenta.ru/news/2024/09/11/moschnyy-pozhar-v-byvshem-sportkomplekse-peterburga-likvidirovali/,none,0,place_random
https://lenta.ru/news/2024/07/19/nad-kurskoy-oblastyu-sbili-shest-bespilotnikov-vsu/,none,0,place_random
https://lenta.ru/news/2024/07/18/vdovam-uchastnikov-svo-razreshili-ne-platit-za-proezd-v-peterburge/,fiscal,1,place_random
https://lenta.ru/news/2023/05/30/drones/,none,0,place_random
https://lenta.ru/news/2024/04/26/mchs-rasskazalo-o-situatsii-v-zatoplennoy-orenburgskoy-oblasti/,emergency,2,place_random
https://lenta.ru/news/2025/02/25/v-moskve-rezko-podorozhalo-samoe-deshevoe-zhilie-dlya-arendy/,prices,1,place_economy
https://lenta.ru/news/2024/08/09/festival/,none,0,place_economy
https://lenta.ru/news/2024/03/24/postradavshie-v-krokuse-poluchili-pervye-vyplaty-ot-moskvy/,fiscal,1,place_economy
https://lenta.ru/news/2023/04/24/kvadrokopter/,none,0,place_economy
https://lenta.ru/news/2023/11/03/v-kremle-prizvali-ne-sudit-o-dagestane-po-besporyadkam-v-aeroportu/,none,0,place_economy
https://lenta.ru/news/2023/09/15/ekb_cshool/,production_neg,1,place_economy
https://lenta.ru/news/2023/05/18/karantinmsk/,demand,1,place_economy
https://lenta.ru/news/2024/07/16/otkrylsya/,none,0,place_economy
https://lenta.ru/news/2024/12/28/v-moskve-otkryli-tri-novye-stantsii-metro/,demand,1,place_economy
https://lenta.ru/news/2025/02/08/stala-izvestna-vozmozhnaya-prichina-pozhara-na-elektrozavode-v-moskve/,none,0,place_economy
https://lenta.ru/news/2024/12/12/congress/,none,0,place_economy
https://lenta.ru/news/2025/01/29/svetofor/,production_neg,1,place_economy
https://lenta.ru/news/2024/01/29/bespilotnik-atakoval-zavod-po-pererabotke-nefti-v-yaroslavle-ukrainskiy-dron-vpervye-doletel-v-etot-region/,attack,1,place_economy
https://lenta.ru/news/2024/04/02/v-kremle-svyazali-ataki-bpla-po-zavodam-v-tatarstane-s-aktivnostyu-kieva/,attack,1,place_economy
https://lenta.ru/news/2023/09/26/rabotaura/,production_pos,2,place_economy
https://lenta.ru/news/2024/04/01/dalniy/,demand,1,place_economy
https://lenta.ru/news/2024/03/15/v-omskoy-oblasti-otkrylis-izbiratelnye-uchastki/,none,0,place_economy
https://lenta.ru/news/2023/08/03/pogarpodmsk/,emergency,1,place_economy
https://lenta.ru/news/2024/04/02/moment-udara-bespilotnika-po-territorii-predpriyatiya-v-tatarstane-popal-na-video/,attack,1,place_economy
https://lenta.ru/news/2024/08/02/yagod/,none,0,place_economy
https://lenta.ru/news/2024/10/31/proekt/,fiscal,1,place_economy
https://lenta.ru/news/2025/03/12/podorozhanie-novostroek-v-moskve-za-god-otsenili/,prices,1,place_economy
https://lenta.ru/news/2023/09/05/reis/,demand,1,place_economy
https://lenta.ru/news/2024/04/19/v-moskve-podeshevel-odin-tip-zhilya/,prices,1,place_economy
https://lenta.ru/news/2023/04/03/hydrocarbons/,none,0,place_economy
https://lenta.ru/news/2024/08/11/v-buryatii-pochti-130-tysyach-chelovek-ostalis-bez-sveta/,emergency,2,place_economy
https://lenta.ru/news/2024/10/03/nazvany-rayony-moskvy-s-podeshevevshimi-kvartirami/,prices,1,place_economy
https://lenta.ru/news/2023/08/21/farm/,production_pos,1,place_economy
https://lenta.ru/news/2024/05/04/v-habarovske-likvidirovali-otkrytoe-gorenie-v-torgovom-tsentre/,emergency,1,place_economy
https://lenta.ru/news/2023/08/09/forum/,none,0,place_economy
https://lenta.ru/news/2024/09/18/v-tverskoy-oblasti-otkryli-goryachuyu-liniyu-po-voprosam-evakuatsii/,none,0,place_economy
https://lenta.ru/news/2023/09/13/pischa/,production_pos,1,place_economy
https://lenta.ru/news/2024/10/24/v-merii-irkutska-opravdalis-za-prizyv-ostavshihsya-bez-sveta-rossiyan-pokupat-pechi/,emergency,1,place_economy
https://lenta.ru/news/2024/08/14/v-zamke-eks-zamministra-oborony-ivanova-predlozhili-otkryt-detskiy-lager/,none,0,place_economy
https://lenta.ru/news/2023/10/29/v-aeroport-mahachkaly-pribyl-spetsnaz/,none,0,place_economy
https://lenta.ru/news/2025/02/24/afisha-otkryla-interaktivnuyu-zonu-dlya-gostey-festivalya-zima-v-moskve/,none,0,place_economy
https://lenta.ru/news/2023/10/11/moschnyy-pozhar-v-torgovyh-ryadah-pod-moskvoy-popal-na-video/,emergency,1,place_economy
https://lenta.ru/news/2023/11/09/deputat/,fiscal,1,place_economy
https://lenta.ru/news/2025/01/21/savelovskiy-rynok-na-severe-moskvy-smenil-vladeltsa/,none,0,place_economy
https://lenta.ru/news/2023/12/23/sotni-chelovek-evakuirovali-iz-tts-na-severe-moskvy-iz-za-pozhara/,emergency,1,place_economy
https://lenta.ru/news/2023/07/30/polety_msk/,demand,1,place_economy
https://lenta.ru/news/2023/12/26/otkrylas/,none,0,place_economy
https://lenta.ru/news/2023/05/16/mskpavilion/,none,0,place_economy
https://lenta.ru/news/2023/12/04/ploschad-pozhara-na-zavode-spetsavtomobiley-v-moskve-vyrosla-vdvoe/,emergency,1,place_economy
https://lenta.ru/news/2023/03/23/festival/,none,0,place_economy
https://lenta.ru/news/2024/02/13/agr/,none,0,place_economy
https://lenta.ru/news/2024/09/05/aviareys/,none,0,place_economy
https://lenta.ru/news/2024/09/07/v-moskve-otkryli-pervyy-uchastok-troitskoy-linii-metro/,demand,1,place_economy
https://lenta.ru/news/2023/10/30/glava-dagestana-zayavil-o-prichastnosti-kieva-k-besporyadkam-v-aeroportu-mahachkaly/,none,0,place_economy
https://lenta.ru/news/2023/07/07/cause_blast/,emergency,1,place_economy
https://lenta.ru/news/2024/09/29/na-mebelnom-kombinate-v-barnaule-vozrosla-ploschad-pozhara/,emergency,1,place_economy
https://lenta.ru/news/2023/08/09/zavkskd/,none,0,place_economy
https://lenta.ru/news/2023/09/16/kuzzz/,emergency,1,place_economy
https://lenta.ru/news/2024/12/12/arhitektura/,none,0,place_economy
https://lenta.ru/news/2025/03/20/podschitana-zarplata-dlya-ipoteki-na-dvuhkomnatnuyu-kvartiru-v-moskve/,none,0,place_economy
https://lenta.ru/news/2024/05/22/tseny-na-arendu-odnogo-vida-kvartir-v-moskve-dostigli-istoricheskogo-maksimuma/,prices,1,place_economy
https://lenta.ru/news/2024/05/07/nazvan-srok-povtornogo-otklyucheniya-otopleniya-v-moskve/,emergency,1,place_economy
https://lenta.ru/news/2023/12/25/nazvana-data-perezapuska-zavoda-hyundai-v-peterburge/,production_pos,1,place_economy
https://lenta.ru/news/2023/06/24/ogranich/,none,0,place_economy
https://lenta.ru/news/2024/04/01/otkrytii/,production_pos,1,place_economy
https://lenta.ru/news/2025/01/25/v-kurskoy-oblasti-zayavili-o-neobhodimosti-otkryt-spiski-propavshih-bez-vesti-ih-rodnym/,none,0,place_economy
https://lenta.ru/news/2024/01/31/bespilotnik-pytalsya-atakovat-neftyanoy-zavod-v-peterburge-ego-sbili-no-pri-padenii-proizoshel-moschnyy-vzryv/,attack,1,place_economy
https://lenta.ru/news/2023/01/21/kursk_oblast/,attack,1,place_economy
https://lenta.ru/news/2024/01/08/v-mikrorayone-podolska-dali-teplo-v-polovine-ranee-otklyuchennyh-domov/,emergency,1,place_economy
https://lenta.ru/news/2024/06/06/v-rossii-otsenili-riski-iz-za-ugrozy-polnogo-embargo-ssha-na-torgovlyu-s-moskvoy/,none,0,place_economy
https://lenta.ru/news/2024/11/16/spasateli-obnaruzhili-telo-zavalennogo-v-shahte-v-kuzbasse-gornyaka/,emergency,1,place_economy
https://lenta.ru/news/2023/12/18/tiz/,none,0,place_economy
https://lenta.ru/news/2024/05/30/raskryty-rayony-moskvy-s-podeshevevshimi-kvartirami/,prices,1,place_economy
https://lenta.ru/news/2024/10/16/vvod-torgovyh-ploschadey-v-moskve-rezko-vyros/,production_pos,1,place_economy
https://lenta.ru/news/2024/04/17/shkolniki-moskvy-poprobovali-sebya-v-razrabotke-igr-i-uznali-o-proizvodstve-kino/,none,0,place_economy
https://lenta.ru/news/2024/03/07/v-peterburge-u-vtoroklassnika-otkrylos-vnutribryushnoe-krovotechenie-iz-za-igry/,none,0,place_economy
https://lenta.ru/news/2024/03/18/krupnyy-proizvoditel-tehniki-reshil-perenesti-proizvodstvo-iz-kaliningrada/,production_neg,1,place_economy
https://lenta.ru/news/2023/11/29/brics-fashion/,none,0,place_economy
https://lenta.ru/news/2023/08/27/spasli/,none,0,place_economy
https://lenta.ru/news/2024/09/09/rynkah/,none,0,place_economy
https://lenta.ru/news/2023/05/12/polikliniki/,none,0,place_economy
https://lenta.ru/news/2025/02/11/v-moskve-podorozhal-odin-tip-kvartir/,prices,1,place_economy
https://lenta.ru/news/2024/07/26/predstavili/,none,0,place_economy
https://lenta.ru/news/2024/12/23/mishustin-zayavil-o-priravnivanii-vyplat-voennym-v-kurskoy-oblasti-k-uchastnikam-svo/,none,0,place_economy
https://lenta.ru/news/2024/12/12/prodvizhenie/,none,0,place_economy
https://lenta.ru/news/2023/12/01/v-moskve-ne-priznali-credit-suisse-bankrotom/,none,0,place_economy
https://lenta.ru/news/2024/06/17/na-predpriyatii-v-lipetske-rasskazali-podrobnosti-ob-atake-bespilotnikov-vsu/,attack,1,place_economy
https://lenta.ru/news/2023/11/16/forumk/,none,0,place_economy
https://lenta.ru/news/2023/05/14/zavod_/,production_neg,1,place_economy
https://lenta.ru/news/2024/09/06/nazvana-prichina-pozhara-na-neftezavode-v-omske/,emergency,1,place_economy
https://lenta.ru/news/2024/10/19/pogibshih-v-ohotskom-more-ottsa-i-syna-pohoronyat-v-raznyh-gorodah/,none,0,place_economy
https://lenta.ru/news/2025/03/24/vlasti-peterburga-potrebovali-snesti-chast-deystvuyuschego-zavoda/,production_neg,1,place_economy
https://lenta.ru/news/2023/06/22/gorit/,emergency,1,place_economy
https://lenta.ru/news/2024/12/25/glava-severnoy-osetii-soobschil-o-zhertve-vzryva-v-torgovom-tsentre-vladikavkaza/,emergency,1,place_economy
https://lenta.ru/news/2024/02/29/v-moskve-muzhchina-popytalsya-otkryt-dveri-uhodyaschey-elektrichki-i-lishilsya-nog/,none,0,place_economy
https://lenta.ru/news/2023/06/25/sahzavod/,attack,1,place_economy
https://lenta.ru/news/2024/05/04/v-habarovske-proizoshel-pozhar-v-torgovom-tsentre/,emergency,1,place_economy
https://lenta.ru/news/2024/12/25/glava-severnoy-osetii-isklyuchil-dve-versii-vzryva-v-tts-vladikavkaza/,emergency,1,place_economy
https://lenta.ru/news/2023/07/26/air/,production_pos,1,place_economy
https://lenta.ru/news/2024/05/02/vtorichka-ceny/,prices,1,place_economy
https://lenta.ru/news/2025/02/07/msk-arenda/,prices,1,place_economy
https://lenta.ru/news/2024/11/18/v-moskve-zakryli-shkolu-s-pochti-polusotney-otravivshihsya-detey/,none,0,place_economy
https://lenta.ru/news/2024/12/10/nazvany-rayony-moskvy-s-podeshevevshimi-kvartirami/,prices,1,place_economy
https://lenta.ru/news/2024/08/19/neftehim/,emergency,1,place_economy
https://lenta.ru/news/2024/08/08/napadenie-vsu-na-kurskuyu-oblast-razognalo-tseny-na-gaz-v-evrope/,none,0,place_economy
https://lenta.ru/news/2024/03/19/chernogolovka-kupila-zavody-heinz-po-proizvodstvu-detskogo-pitaniya/,production_pos,1,place_economy
https://lenta.ru/news/2023/11/17/novogodnyuyu/,none,0,place_economy
https://lenta.ru/news/2023/10/30/putin-nazval-organizatorov-pogromov-v-aeroportu-mahachkaly/,none,0,place_economy
https://lenta.ru/news/2025/01/16/v-moskve-detskiy-futbolnyy-trener-izbil-ottsa-odnogo-iz-igrokov-iz-za-sluchaya-na-matche/,none,0,place_economy
https://lenta.ru/news/2023/03/24/4k/,emergency,1,place_economy
https://lenta.ru/news/2025/02/14/nazvano-kolichestvo-vyshedshih-na-rynok-zhilya-v-moskve-novostroek/,demand,1,place_economy
https://lenta.ru/news/2025/02/11/snyatyy-na-video-za-seksom-s-medsestroy-vrach-iz-dagestana-okazalsya-mnogodetnym-ottsom/,none,0,place_economy
https://lenta.ru/news/2025/01/14/novostroiki/,prices,1,place_economy
https://lenta.ru/news/2024/11/08/v-dagestane-vpervye-otkryli-vystavku-zahvachennoy-na-polyah-svo-tehniki/,none,0,place_economy
https://lenta.ru/news/2024/02/08/na-sklade-wildberries-pod-moskvoy-proizoshla-massovaya-draka-ee-uchastnikov-otvezli-v-voenkomat-i-prigrozili-uvolneniem/,production_neg,1,place_economy
https://lenta.ru/news/2025/03/28/stalo-izvestno-o-popytke-vsu-prevratit-v-ukreprayon-spirtzavod-v-kurskoy-oblasti/,none,0,place_economy
https://lenta.ru/news/2024/04/16/stalo-izvestno-o-mnogomilionnom-zavyshenii-tseny-damby-v-orske/,fiscal,1,place_economy
https://lenta.ru/news/2024/12/02/pamyatnik/,none,0,place_economy
https://lenta.ru/news/2024/08/27/film/,none,0,place_economy
https://lenta.ru/news/2024/10/07/v-moskve-nachali-vklyuchat-otoplenie/,emergency,1,place_economy
https://lenta.ru/news/2025/01/15/odin-tip-zhilya-podeshevel-v-moskve/,prices,1,place_economy
https://lenta.ru/news/2024/02/21/otkrylsya/,none,0,place_economy
https://lenta.ru/news/2024/07/23/investitsionnyh/,production_pos,1,place_economy
https://lenta.ru/news/2023/05/30/shod_s_relss/,emergency,1,place_economy
https://lenta.ru/news/2023/09/20/vyplaty/,fiscal,1,place_economy
https://lenta.ru/news/2024/02/07/otkrylsya/,none,0,place_economy
https://lenta.ru/news/2024/02/13/v-moskve-proizoshel-pozhar-na-zavode-mig/,emergency,1,place_economy
https://lenta.ru/news/2024/03/13/moment-ataki-bpla-po-neftezavodu-v-ryazani-popal-na-video/,attack,1,place_economy
https://lenta.ru/news/2024/08/20/rospotrebnadzor-iz-yal-produktsiyu-iz-dvuh-magazinov-eurospar-v-moskve/,demand,1,place_economy
https://lenta.ru/news/2024/09/03/nazvany-okruga-moskvy-s-naibolee-podeshevevshimi-novostroykami/,prices,1,place_economy
https://lenta.ru/news/2024/08/05/entsiklopediya/,none,0,place_economy
https://lenta.ru/news/2023/11/30/forumspb/,none,0,place_economy
https://lenta.ru/news/2023/06/20/prichina/,emergency,1,place_economy
https://lenta.ru/news/2023/06/26/podrostok/,none,0,place_economy
https://lenta.ru/news/2024/08/30/v-kurskoy-oblasti-ogranichili-dannye-ob-izbiratelnyh-uchastkah-i-nazvali-sposoby-nayti-ih/,none,0,place_economy
https://lenta.ru/news/2024/08/16/pod-kurskom-rossiyskiy-boets-szheg-bmp-vsu-pri-pomoschi-kanistry-benzina-i-popal-na-video/,none,0,place_economy
https://lenta.ru/news/2023/04/18/billionare/,none,0,place_economy
https://lenta.ru/news/2024/03/13/byvshiy-zavod-nissan-v-peterburge-nazval-srok-nachala-prodazh-svoego-krossovera/,production_pos,1,place_economy
https://lenta.ru/news/2025/02/24/v-aeroflote-soobschili-ob-izmenenii-chastoty-poletov-iz-moskvy-v-nyachang/,demand,1,place_economy
https://lenta.ru/news/2024/04/23/vykupil/,production_pos,1,place_economy
https://lenta.ru/news/2023/06/29/nerost/,fiscal,1,place_economy
https://lenta.ru/news/2024/09/24/nazvany-rayony-moskvy-s-naibolee-podeshevevshimi-novostroykami/,prices,1,place_economy
https://lenta.ru/news/2024/08/28/belgiyskiy-depozitariy-zadumali-obankrotit-v-moskve/,none,0,place_economy
https://lenta.ru/news/2024/06/14/nazvany-obognavshie-moskvu-po-podorozhaniyu-zhilya-rossiyskie-megapolisy/,prices,1,place_economy
https://lenta.ru/news/2024/11/07/kampus/,none,0,place_economy
https://lenta.ru/news/2025/02/20/msk-arenda/,prices,1,place_economy
https://lenta.ru/news/2023/09/26/pozhar/,emergency,1,place_economy
https://lenta.ru/news/2023/05/18/petarda/,none,0,place_economy
https://lenta.ru/news/2024/09/19/natsionalnyh/,none,0,place_economy
https://lenta.ru/news/2025/02/08/opublikovano-video-krupnogo-pozhara-vnutri-zdaniya-elektrozavoda-v-moskve/,emergency,1,place_economy
https://lenta.ru/news/2025/02/19/posledstviya-ataki-vsu-na-neftezavod-v-samarskoy-oblasti-snyali-na-video/,attack,1,place_economy
https://lenta.ru/news/2025/02/05/v-rossii-vozmutilis-otkrytiem-filiala-eltsin-tsentra-v-moskve/,none,0,place_economy
https://lenta.ru/news/2024/12/25/arktiki/,none,0,place_economy
https://lenta.ru/news/2024/01/10/gubernator-pozhelal-horoshego-vechera-ostavshimsya-bez-sveta-rossiyanam/,emergency,1,place_economy
https://lenta.ru/news/2024/08/02/territoriya/,none,0,place_economy
https://lenta.ru/news/2024/08/11/v-moskve-shkolnik-obzheg-glaza-pri-popytke-sozdat-komponent-raketnogo-topliva/,none,0,place_economy
https://lenta.ru/news/2023/04/26/msk/,production_pos,1,place_economy
https://lenta.ru/news/2025/01/24/v-ryazani-soobschili-o-vozgoranii-okolo/,attack,1,place_economy
https://lenta.ru/news/2024/04/01/odin-tip-zhilya-v-moskve-podeshevel/,prices,1,place_economy
https://lenta.ru/news/2025/03/26/v-moskve-snesut-savelovskiy-rynok-dlya-stroitelstva-nedvizhimosti/,demand,1,place_economy
https://lenta.ru/news/2023/09/08/moscow/,none,0,place_economy
https://lenta.ru/news/2024/09/18/v-atakovannyy-vsu-gorod-v-tverskoy-oblasti-otkryli-dostup/,attack,1,place_economy
https://lenta.ru/news/2023/10/19/v-moskve-rossiyanka-izbila-v-magazine-bezhenku-iz-afriki-iz-za-zamechaniya-o-fruktah/,none,0,place_economy
https://lenta.ru/news/2024/12/19/putin-otvetil-na-vopros-ob-otsutstvii-vyplat-zaschitnikam-kurskoy-oblasti/,fiscal,1,place_economy
https://lenta.ru/news/2024/07/20/pozhar-v-krupnom-tts-v-tsentre-sankt-peterburga-potushili/,emergency,1,place_economy
https://lenta.ru/news/2023/10/11/sozvyplaty/,fiscal,1,place_economy
https://lenta.ru/news/2023/12/01/v-moskve-zagorelsya-rynok-sadovod/,emergency,1,place_economy
https://lenta.ru/news/2024/08/10/v-kurskoy-oblasti-nachali-vydavat-vyplaty-postradavshim-zhitelem/,fiscal,1,place_economy
https://lenta.ru/news/2024/08/09/tseny-na-gaz-v-evrope-obnovili-maksimum-s-dekabrya-na-fone-boev-v-kurskoy-oblasti/,none,0,place_economy
https://lenta.ru/news/2024/04/04/v-moskve-podeshevel-odin-tip-zhilya/,prices,1,place_economy
https://lenta.ru/news/2024/06/20/ida-galich-rasskazala-o-vyplate-pyati-ipotek/,none,0,place_economy
https://lenta.ru/news/2024/09/02/obrazovatelnyy/,none,0,place_economy
https://lenta.ru/news/2023/09/25/prodaem/,production_pos,1,place_economy
https://lenta.ru/news/2025/02/06/finskaya-tikkurila-izbavilas-ot-zavodov-v-sankt-peterburge/,production_neg,1,place_economy
https://lenta.ru/news/2024/12/10/nazvany-rayony-moskvy-s-samoy-podeshevevshey-vtorichkoy/,prices,1,place_economy
https://lenta.ru/news/2024/02/05/v-rosaviatsii-soobschili-o-vremennom-zakrytii-aeroporta-v-saranska/,demand,1,place_economy
https://lenta.ru/news/2024/09/26/brat-ottsa-nasmert-otravivshihsya-pod-krasnoyarskom-detey-zayavil-o-strahe-za-semyu/,none,0,place_economy
https://lenta.ru/news/2024/10/08/nazvany-rayony-moskvy-s-samymi-podeshevevshimi-novostroykami/,prices,1,place_economy
https://lenta.ru/news/2024/05/19/v-peterburge-likvidirovali-otkrytoe-gorenie-v-tsehe-s-polietilenom/,emergency,1,place_economy
https://lenta.ru/news/2024/12/30/v-sankt-peterburge-iz-za-ugrozy-navodneniya-zakryli-dambu/,emergency,1,place_economy
https://lenta.ru/news/2024/07/27/uchastnikov/,none,0,place_economy
https://lenta.ru/news/2024/01/29/poyavilis-podrobnosti-ataki-bespilotnika-na-neftezavod-v-yaroslavle/,attack,1,place_economy
https://lenta.ru/news/2024/11/26/predstavili/,none,0,place_economy
https://lenta.ru/news/2024/05/25/neizvestnyy-otkryl-strelbu-v-sankt-peterburge-i-ranil-politseyskogo/,none,0,place_economy
https://lenta.ru/news/2024/05/21/v-moskve-zagorelsya-torgovyy-tsentr/,emergency,1,place_economy
https://lenta.ru/news/2024/11/01/hudozhnitsy/,none,0,place_economy
https://lenta.ru/news/2025/02/08/chislo-obrativshihsya-za-medpomoschyu-posle-pozhara-na-elektrozavode-v-moskve-raskryli/,none,0,place_economy
https://lenta.ru/news/2023/08/27/basket/,none,0,place_economy
https://lenta.ru/news/2025/01/20/v-peterburge-povysili-vyplatu-dobrovoltsam-svo/,fiscal,1,place_economy
https://lenta.ru/news/2024/04/10/navodneniye-ceny/,prices,1,place_economy
https://lenta.ru/news/2023/04/19/sugar/,attack,1,place_economy
https://lenta.ru/news/2024/07/05/v-moskve-zakryli-parki-i-verandy-v-ozhidanii-nepogody/,emergency,1,place_economy
https://lenta.ru/news/2025/01/09/hinshteyn-usomnilsya-v-prichastnosti-vsu-k-moschnomu-pozharu-na-predpriyatii-pod-kurskom/,emergency,1,place_economy
https://lenta.ru/news/2024/09/05/problemy-s-toplivom-v-moskve-posle-pozhara-na-npz-oprovergli/,prices,1,place_economy
https://lenta.ru/news/2024/02/21/vlasti-otreagirovali-na-soobscheniya-o-vzryvah-v-zakrytom-gorode-pod-moskvoy/,none,0,place_economy
https://lenta.ru/news/2025/03/26/vsu-ustroili-sklad-benzina-v-hrame-kurskoy-oblasti/,none,0,place_economy
https://lenta.ru/news/2024/12/21/vlasti-snyali-ogranicheniya-na-rabotu-aeroporta-izhevska/,demand,1,place_economy
https://lenta.ru/news/2023/02/25/ryodanxx/,none,0,place_economy
https://lenta.ru/news/2025/03/04/zhiteli-syzrani-rasskazali-o-vzryvah-i-strelbe-v-rayone-neftezavoda/,attack,1,place_economy
https://lenta.ru/news/2023/08/19/avtoo/,emergency,1,place_economy
https://lenta.ru/news/2024/11/20/rabochih/,production_pos,1,place_economy
https://lenta.ru/news/2025/03/20/v-kurskoy-oblasti-vrachi-proveli-rossiyskomu-boytsu-operatsiyu-na-otkrytom-serdtse/,none,0,place_economy
https://lenta.ru/news/2024/01/07/reys-iz-sochi-v-peterburg-zaderzhali-na-rozhdestvo-iz-za-neadekvatnogo-passazhira/,none,0,place_economy
https://lenta.ru/news/2023/10/31/vlasti-nazvali-predvaritelnuyu-summu-uscherba-ot-besporyadkov-v-aeroportu-mahachkaly/,demand,1,place_economy
https://lenta.ru/news/2023/11/22/zasedanie/,fiscal,1,place_economy
https://lenta.ru/news/2024/02/06/pozhar-v-odnom-iz-krupneyshih-torgovyh-tsentrov-moskvy-likvidirovali/,emergency,1,place_economy
https://lenta.ru/news/2024/02/20/v-kremle-prokommentirovali-ogranicheniya-bankami-oae-raschetov-s-moskvoy/,none,0,place_economy
https://lenta.ru/news/2025/02/19/npz/,attack,1,place_economy
https://lenta.ru/news/2024/10/21/145/,fiscal,1,place_economy
https://lenta.ru/news/2023/03/20/poggar/,emergency,1,place_economy
https://lenta.ru/news/2024/09/14/boets-ahmata-rasskazal-o-sokraschenii-peredvizheniya-tehniki-vsu-v-kurskoy-oblasti/,none,0,place_economy
https://lenta.ru/news/2024/03/15/v-dagestane-pri-vzryve-gaza-v-kanalizatsii-pogibli-dva-rabotnika-zhkh/,emergency,1,place_economy
https://lenta.ru/news/2024/01/31/opisana-obstanovka-na-neftezavode-v-peterburge-posle-padeniya-oblomkov-drona/,attack,1,place_economy
https://lenta.ru/news/2024/11/10/aeroport-nizhnego-novgoroda-prinyal-letevshie-v-moskvu-samolety/,demand,1,place_economy
https://lenta.ru/news/2023/07/10/aviazavod/,production_pos,1,place_economy
https://lenta.ru/news/2024/09/18/putin-anonsiroval-posescheniya-oboronnogo-predpriyatiya-v-sankt-peterburge/,none,0,place_economy
https://lenta.ru/news/2024/04/30/buratia/,none,0,place_economy
https://lenta.ru/news/2023/09/27/orenburg/,demand,1,place_economy
https://lenta.ru/news/2023/11/13/open/,production_pos,1,place_economy
https://lenta.ru/news/2023/01/23/video/,emergency,1,place_economy
https://lenta.ru/news/2023/12/21/kiberhab/,none,0,place_economy
https://lenta.ru/news/2024/06/09/otkrylsya/,none,0,place_economy
https://lenta.ru/news/2023/09/01/rosaviation/,demand,1,place_economy
https://lenta.ru/news/2024/04/01/stali-izvestny-podrobnosti-pozhara-na-predpriyatii-v-ekaterinbugre/,emergency,1,place_economy
https://lenta.ru/news/2023/10/30/v-gosdume-ne-uvideli-terrorizma-v-antievreyskih-besporyadkah-v-dagestane/,none,0,place_economy
https://lenta.ru/news/2024/09/16/repzd/,none,0,place_economy
https://lenta.ru/news/2024/12/09/zhitelyam-kurskoy-oblasti-utverdili-otsrochku-ot-uplaty-nalogov/,fiscal,1,place_economy
https://lenta.ru/news/2024/12/23/molodezhnyh/,none,0,place_economy
https://lenta.ru/news/2023/11/30/marshrut/,none,0,place_economy
https://lenta.ru/news/2024/05/06/mos-otopleniye/,emergency,1,place_economy
https://lenta.ru/news/2024/10/08/posvyaschennaya/,none,0,place_economy
https://lenta.ru/news/2023/10/29/tolpa-vorvalas-v-aeroport-mahachkaly-v-poiskah-evreev/,demand,1,place_economy
https://lenta.ru/news/2025/01/17/nazvany-rayony-moskvy-s-podeshevevshim-vtorichnym-zhiliem/,prices,1,place_economy
https://lenta.ru/news/2023/05/24/tchhh/,none,0,place_economy
https://lenta.ru/news/2024/06/04/shahta-lifta-s-remontnikom-obrushilas-v-zhilom-dome-v-moskve-i-popala-na-video/,none,0,place_economy
https://lenta.ru/news/2023/01/13/celibat/,none,0,place_economy
https://lenta.ru/news/2025/02/27/v-kurskoy-oblasti-odobrili-vyplatu-rozhdennym-v-prigranichie-posle-vtorzheniya-vsu-detyam/,fiscal,1,place_economy
https://lenta.ru/news/2025/01/02/v-krasnoyarske-zapretili-prodavat-benzin-v-kanistrah-iz-za-podzhogov/,prices,1,place_economy
https://lenta.ru/news/2025/03/07/glava-amerikanskoy-torgovoy-palaty-nazval-moskvu-samym-bezopasnym-megapolisom/,none,0,place_economy
https://lenta.ru/news/2024/12/25/v-moskve-sobralis-otkryt-esche-40-stantsiy-metro/,demand,1,place_economy
https://lenta.ru/news/2023/08/03/nashlii/,none,0,place_economy
https://lenta.ru/news/2024/07/16/vsu-sbrosili-vzryvnoe-ustroystvo-na-zavod-pod-kurskom/,attack,1,place_economy
https://lenta.ru/news/2025/02/22/v-tsentre-moskvi-otkrilas-posviashennaya-sobitiyam-svo-vistavka/,none,0,place_economy
https://lenta.ru/news/2025/02/07/zhilie-postroyat-na-territorii-vodochnogo-zavoda-v-sankt-peterburge/,demand,1,place_economy
https://lenta.ru/news/2024/11/28/koltso/,none,0,place_economy
https://lenta.ru/news/2024/08/08/napadenie-na-kurskuyu-oblast-razognalo-tseny-na-gaz-v-evrope/,none,0,place_economy
https://lenta.ru/news/2025/02/08/pozhar-na-elektrozavode-v-moskve-lokalizovali/,emergency,1,place_economy
https://lenta.ru/news/2023/09/09/prigozhin/,none,0,place_economy
https://lenta.ru/news/2023/04/05/mzd4/,demand,1,place_economy
https://lenta.ru/news/2024/09/07/strelba/,none,0,place_economy
https://lenta.ru/news/2023/10/29/aeroport-mahachkaly-zakryli-iz-za-vtorzheniya/,demand,1,place_economy
https://lenta.ru/news/2024/05/25/otkryvshiy-strelbu-v-sankt-peterburge-ranil-prodavtsa-posle-zamechaniya/,none,0,place_economy
https://lenta.ru/news/2024/05/31/ukraina-popytalas-atakovat-tatarstan-bespilotnikami-lyutyy-tselyu-atak-mog-stat-unikalnyy-rossiyskiy-zavod/,attack,1,place_economy
https://lenta.ru/news/2023/06/15/newonco/,none,0,place_economy
https://lenta.ru/news/2023/09/08/izb_mos/,none,0,place_economy
https://lenta.ru/news/2023/12/28/v-peterburge-priehavshiy-s-svo-vrach-pozhalovalsya-na-pesnyu-serdyuchki-v-magazine/,none,0,place_economy
https://lenta.ru/news/2024/12/25/roditeli-nachali-massovo-zabirat-detey-iz-shkol-posle-vzryva-v-tts-vladikavkaza/,demand,1,place_economy
https://lenta.ru/news/2023/08/30/kadri/,attack,1,place_economy
https://lenta.ru/news/2025/01/20/v-kazani-otkrylos-novoe-zdanie-teatra-kamala/,none,0,place_economy
https://lenta.ru/news/2024/05/09/dron-vsu-atakoval-neftepererabatyvayuschee-predpriyatie-v-bashkirii/,attack,1,place_economy
https://lenta.ru/news/2024/10/22/natsionalnogo/,none,0,place_economy
https://lenta.ru/news/2023/07/26/trzm/,none,0,place_economy
https://lenta.ru/news/2025/03/03/v-sankt-peterburge-zapustili-reysovyy-avtobus-do-mariupolya/,demand,1,place_economy
https://lenta.ru/news/2023/05/25/ogranicheniya/,demand,1,place_economy
https://lenta.ru/news/2023/06/20/zavodss/,emergency,1,place_economy
https://lenta.ru/news/2024/08/14/glava-rossiyskogo-regiona-perechislil-chast-zarplaty-postradavshim-zhitelyam-kurskoy-oblasti/,none,0,place_economy
https://lenta.ru/news/2025/01/08/saratov-i-engels-podverglis-massirovannoy-atake-bpla-na-promyshlennom-predpriyatii-nachalsya-pozhar/,attack,1,place_economy
https://lenta.ru/news/2023/10/31/okolo-300-zhiteley-sela-pod-kurskom-ostalis-bez-vody-posle-obstrela/,attack,1,place_economy
https://lenta.ru/news/2025/02/05/nazvany-rayony-moskvy-s-silnee-vsego-podeshevevshimi-novostroykami/,prices,1,place_economy
https://lenta.ru/news/2023/07/23/causee/,none,0,place_economy
https://lenta.ru/news/2024/10/16/rossiyskie-voyska-pochti-zakryli-kryshku-kotla-dlya-vsu-v-kurskoy-oblasti/,none,0,place_economy
https://lenta.ru/news/2023/05/31/china_sedan/,production_pos,1,place_economy
https://lenta.ru/news/2023/12/25/v-peterburge-13-letniy-malchik-poluchil-ozhogi-pri-pozhare-u-kreysera-avrora/,none,0,place_economy
https://lenta.ru/news/2024/11/07/v-regione-rossii-naznachili-vyplaty-semyam-ne-vernuvshihsya-iz-boev-v-kurskoy-oblasti-voennyh/,fiscal,1,place_economy
https://lenta.ru/news/2025/02/19/v-moskve-podeshevela-arenda-kvartir/,prices,1,place_economy
https://lenta.ru/news/2024/01/07/raskryta-situatsiya-s-ostavshimisya-bez-tepla-domami-v-podolske/,emergency,1,place_economy
https://lenta.ru/news/2025/02/08/otkrytoe-gorenie-na-elektrozavode-v-moskve-likvidirovali/,none,0,place_economy
https://lenta.ru/news/2024/12/11/nazvan-rayon-moskvy-s-podorozhavshimi-v-1-5-raza-novostroykami/,prices,1,place_economy
https://lenta.ru/news/2025/01/13/restoran-docheri-meladze-v-moskve-razorilsya-i-zakrylsya/,production_neg,1,place_economy
https://lenta.ru/news/2024/03/13/v-moskve-shkolnitsa-sdala-politsii-ottsa-iz-za-strannogo-zapaha-v-kvartire/,none,0,place_economy
https://lenta.ru/news/2023/08/30/pskov_airport/,none,0,place_economy
https://lenta.ru/news/2024/12/25/otkrylas/,none,0,place_economy
https://lenta.ru/news/2024/12/25/stalo-izvestno-ob-ugroze-obrusheniya-torgovogo-tsentra-vo-vladikavkaze-posle-vzryva/,emergency,1,place_economy
https://lenta.ru/news/2023/09/16/fire/,emergency,1,place_economy
https://lenta.ru/news/2023/11/23/sohranenie/,fiscal,1,place_economy
https://lenta.ru/news/2024/04/27/nazvana-data-nachala-otklyucheniy-goryachey-vody-v-moskve/,emergency,1,place_economy
https://lenta.ru/news/2023/12/21/uchastie/,demand,1,place_economy
https://lenta.ru/news/2024/05/13/v-moskve-podeshevel-odin-tip-zhilya/,prices,1,place_economy
https://lenta.ru/news/2024/11/18/podgotovki/,none,0,place_economy
https://lenta.ru/news/2023/11/15/zabaykalskogo/,none,0,place_economy
https://lenta.ru/news/2023/03/15/vw_kaluga/,production_neg,1,place_economy
https://lenta.ru/news/2024/02/15/izo/,none,0,place_economy
https://lenta.ru/news/2024/04/02/pyanyh-passazhirov-snyali-s-reysa-moskva-chita-iz-za-debosha/,none,0,place_economy
https://lenta.ru/news/2025/03/31/saper-rasskazal-o-nahodkah-v-kurskoy-oblasti-nemetskogo-proizvodstva/,none,0,place_economy
https://lenta.ru/news/2024/05/17/microkv-msk/,prices,1,place_economy
https://lenta.ru/news/2023/07/24/shtab/,none,0,place_economy
https://lenta.ru/news/2025/01/10/v-moskve-otkryli-novyy-peshehodnyy-most/,none,0,place_economy
https://lenta.ru/news/2024/04/02/v-moskve-rezko-podorozhala-arenda-odnogo-tipa-zhilya/,prices,1,place_economy
https://lenta.ru/news/2023/06/29/hkfdo/,none,0,place_economy
https://lenta.ru/news/2024/08/14/v-moskve-zagorelsya-torgovyy-tsentr/,emergency,1,place_economy
https://lenta.ru/news/2023/11/13/s/,production_pos,1,place_economy
https://lenta.ru/news/2024/11/13/poligraficheskiy-press-nasmert-razdavil-rabochego-na-proizvodstve-v-moskve/,none,0,place_economy
https://lenta.ru/news/2024/12/11/uchastnik-vremeni-geroev-losunchukov-naznachen-zamministra-investitsiy-moskovskoy-oblasti/,none,0,place_economy
https://lenta.ru/news/2023/07/10/kzn/,none,0,place_economy
https://lenta.ru/news/2023/08/30/posledstviya/,attack,1,place_economy
https://lenta.ru/news/2023/08/01/masshinnn/,emergency,1,place_economy
https://lenta.ru/news/2025/01/05/shest-chelovek-postradali-v-dtp-s-turisticheskim-avtobusom-v-karelii/,emergency,1,place_economy
https://lenta.ru/news/2024/12/20/rekonstruktsii/,none,0,place_economy
https://lenta.ru/news/2023/10/17/fotovystavku/,none,0,place_economy
https://lenta.ru/news/2023/05/16/pojar_mskvch/,emergency,1,place_economy
https://lenta.ru/news/2024/01/06/vlasti-nazvali-vremya-vklyucheniya-otopleniya-v-podolske/,emergency,1,place_economy
https://lenta.ru/news/2023/08/10/drongh/,attack,1,place_economy
https://lenta.ru/news/2024/03/13/gubernator-podtverdil-ataku-bespilotnika-na-neftezavod-v-ryazanskoy-oblasti/,attack,1,place_economy
https://lenta.ru/news/2024/12/28/v-sankt-peterburge-prodlili-deystvie-antikoronavirusnyh-ogranicheniy/,demand,1,place_economy
https://lenta.ru/news/2024/03/10/poyavilis-podrobnosti-ob-obrushenii-krovli-magazina-v-tatarstane/,emergency,1,place_economy
https://lenta.ru/news/2023/03/03/vagnerenokkk/,none,0,place_economy
https://lenta.ru/news/2024/03/05/bolnits/,none,0,place_economy
https://lenta.ru/news/2024/08/08/parfyumernuyu-fabriku-v-moskve-vykupil-proizvoditel-udobreniy/,production_pos,1,place_economy
https://lenta.ru/news/2023/10/29/sotni-dagestantsev-vorvalas-v-aeroport-mahachkaly-tolpa-trebuet-izgnat-evreev-priletevshih-iz-izrailya/,demand,1,place_economy
https://lenta.ru/news/2023/07/04/pozhar_peterburg/,emergency,1,place_economy
https://lenta.ru/news/2024/12/26/otsenen-defitsit-rabochey-sily-na-stroykah-v-moskve/,production_neg,1,place_economy
https://lenta.ru/news/2025/03/02/poyavilos-video-so-strelboy-v-torgovom-tsentre-pod-moskvoy/,none,0,place_economy
https://lenta.ru/news/2024/08/21/otkryl/,none,0,place_economy
https://lenta.ru/news/2025/01/06/zhiteli-goroda-v-yakutii-ostalis-bez-tepla-v-minus-45/,emergency,2,place_economy
https://lenta.ru/news/2023/10/29/v-dagestane-sozdali-operativnyy-shtab-po-situatsii-v-aeroportu-mahachkaly/,none,0,place_economy
https://lenta.ru/news/2024/11/13/nolog/,prices,1,place_economy
https://lenta.ru/news/2025/02/06/elitnyy-zhk-v-moskve-otkryl-glavnyy-vhod-posle-podryva-sozdatelya-batalona-arbat/,none,0,place_economy
https://lenta.ru/news/2023/12/17/glava-dagestana-nazval-prichinu-sobytiy-v-aeroportu-mahachkaly/,none,0,place_economy
https://lenta.ru/news/2024/10/07/stalo-izvestno-o-vozmozhnom-zakrytii-gey-klubov-v-moskve-iz-za-parodiy-na-vdv/,none,0,place_economy
https://lenta.ru/news/2024/06/25/odin-tip-zhilya-rezko-podorozhal-v-moskve/,prices,1,place_economy
https://lenta.ru/news/2023/10/16/polikliniku/,none,0,place_economy
https://lenta.ru/news/2025/02/11/rossiya-nachala-peregovory-po-otkrytiyu-gumanitarnogo-koridora-dlya-zhiteley-kurskoy-oblasti/,none,0,place_economy
https://lenta.ru/news/2024/09/12/glavar-rdk-lishilsya-kvartiry-v-moskve-on-ne-zanimalsya-pohoronami-ottsa-i-ne-zhelal-vstupat-v-nasledstvo/,none,0,place_economy
https://lenta.ru/news/2024/12/21/stali-izvestny-podrobnosti-o-pensionerke-podzhigatelnitse-tts-v-moskve/,none,0,place_economy
https://lenta.ru/news/2024/10/31/omix/,none,0,place_economy
https://lenta.ru/news/2023/02/28/nebo_pet/,none,0,place_economy
https://lenta.ru/news/2024/08/07/v-moskve-na-cherkizovskom-myasokombinate-massovo-otravilis-rabotniki/,emergency,1,place_economy
https://lenta.ru/news/2023/05/16/egorevsk/,production_pos,1,place_economy
https://lenta.ru/news/2024/04/12/kv-msk/,prices,1,place_economy
https://lenta.ru/news/2023/09/16/cesna/,none,0,place_economy
https://lenta.ru/news/2024/08/24/pyat-stantsiy-metro-vremenno-zakryli-v-moskve/,demand,1,place_economy
https://lenta.ru/news/2023/06/16/rtng1/,production_pos,1,place_economy
https://lenta.ru/news/2023/07/30/putin_pozhal/,none,0,place_economy
https://lenta.ru/news/2024/08/26/investory/,production_pos,1,place_economy
https://lenta.ru/news/2024/03/06/poyavilis-kadry-pozhara-na-predpriyatii-v-kurskoy-oblasti-posle-ataki-drona-vsu/,attack,1,place_economy
https://lenta.ru/news/2023/12/14/v-rossiyskom-gorode-avtomobilisty-perekryli-dorogi-iz-za-otklyucheniya-elektrichestva/,emergency,1,place_economy
https://lenta.ru/news/2024/08/13/v-orske-predupredili-o-zakrytii-odnogo-iz-dvuh-mostov-iz-za-rosta-urovnya-vody/,emergency,1,place_economy
https://lenta.ru/news/2023/06/08/kzn/,none,0,place_economy
https://lenta.ru/news/2023/09/16/utkin/,none,0,place_economy
https://lenta.ru/news/2024/07/01/oborony/,none,0,place_economy
https://lenta.ru/news/2023/05/12/mashinepozhar/,emergency,1,place_economy
https://lenta.ru/news/2024/08/29/voda/,none,0,place_economy
https://lenta.ru/news/2024/04/27/raz-yarennye-kriptoinvestory-sobralis-u-ofisa-birzhi-v-moskva-siti/,demand,1,place_economy
https://lenta.ru/news/2025/01/05/dtp/,none,0,place_economy
https://lenta.ru/news/2023/09/05/zavod/,attack,1,place_economy
https://lenta.ru/news/2025/02/08/ploschad-pozhara-na-elektrozavode-v-moskve-rezko-vozrosla/,emergency,1,place_economy
https://lenta.ru/news/2024/12/10/sud-moskvy-arestoval-imuschestvo-vladeltsa-krupnogo-internet-magazina-elektroniki/,none,0,place_economy
https://lenta.ru/news/2023/11/23/na-aviatsionnom-zavode-v-moskve-proizoshel-pozhar/,emergency,1,place_economy
https://lenta.ru/news/2023/07/22/tc/,emergency,1,place_economy
https://lenta.ru/news/2023/09/09/putinsobyanin/,demand,1,place_economy
https://lenta.ru/news/2024/01/09/moskvichi-zayavili-v-politsiyu-na-izvestnyy-magazin-iz-za-poranivshey-ih-syna-shapki/,none,0,place_economy
https://lenta.ru/news/2024/10/07/nazvany-rayony-moskvy-s-samym-podorozhavshim-zhiliem/,prices,1,place_economy
https://lenta.ru/news/2023/10/09/alkoss/,none,0,place_economy
https://lenta.ru/news/2024/12/16/v-kremle-prokommentiroval-vozmozhnuyu-gibel-severokoreyskih-soldat-pod-kurskom-chto-tam-skazali/,none,0,place_economy
https://lenta.ru/news/2024/12/04/sinoptik-zayavil-o-sokraschenii-zimnego-perioda-v-moskve/,none,0,place_economy
https://lenta.ru/news/2023/10/29/aeroport-mahachkaly-zakroyut-dlya-poletov-iz-za-besporyadkov/,demand,1,place_economy
https://lenta.ru/news/2023/10/23/tseny-na-benzin-v-moskve-zamerli/,prices,1,place_economy
https://lenta.ru/news/2024/11/20/v-moskve-pokazali-prototip-aeroporta-suhuma/,none,0,place_economy
https://lenta.ru/news/2024/07/01/novostroy-msk/,prices,1,place_economy
https://lenta.ru/news/2024/10/04/festival/,none,0,place_economy
https://lenta.ru/news/2024/06/08/prichinu-mnogochasovoy-zaderzhki-aviareysa-iz-kazani-v-turtsiyu-ob-yasnili/,none,0,place_economy
https://lenta.ru/news/2023/05/10/musik/,none,0,place_economy
https://lenta.ru/news/2024/06/05/avtomobil-aurus-komendant-popal-v-dtp-v-peterburge-nakanune-otkrytiya-pmef/,none,0,place_economy
https://lenta.ru/news/2024/05/15/nazvana-data-otklyucheniya-otopleniya-v-moskve/,emergency,1,place_economy
https://lenta.ru/news/2025/03/02/vozroslo-chislo-postradavshih-v-rezultate-strelby-v-tts-pod-moskvoy/,none,0,place_economy
https://lenta.ru/news/2024/06/18/otseneno-podorozhanie-kvartir-v-moskve-za-pyat-let/,prices,1,place_economy
https://lenta.ru/news/2024/07/11/ploschadok/,none,0,place_economy
https://lenta.ru/news/2024/12/25/nazvana-predvaritelnaya-prichina-vzryva-v-tts-vo-vladikavkaze/,none,0,place_economy
https://lenta.ru/news/2024/09/18/nazvany-lokatsii-pod-moskvoy-s-silno-podorozhavshimi-dachami/,prices,1,place_economy
https://lenta.ru/news/2024/02/01/kazan/,none,0,place_economy
https://lenta.ru/news/2024/06/30/gubernator-lipetskoy-oblasti-rasskazal-o-neprostoy-i-nespokoynoy-nochi/,none,0,place_economy
https://lenta.ru/news/2024/11/13/v-moskve-podeshevel-odin-tip-zhilya/,prices,1,place_economy
https://lenta.ru/news/2024/05/21/sobyanin/,none,0,place_economy
https://lenta.ru/news/2024/10/04/sobyanin-nazval-datu-vklyucheniya-otopleniya-v-moskve/,emergency,1,place_economy
https://lenta.ru/news/2023/08/23/kover/,demand,1,place_economy
https://lenta.ru/news/2023/12/02/altai/,production_pos,1,place_economy
https://lenta.ru/news/2023/11/13/vlasti-zayavili-o-nedopustimosti-rosta-tsen-na-benzin-v-moskve/,prices,1,place_economy
https://lenta.ru/news/2024/02/26/posetitelyam-bara-v-tsentre-moskvy-predlagali-vykupit-otkrytki-s-vidami-ukrainy/,none,0,place_economy
https://lenta.ru/news/2024/08/10/krasnyy-krest-otkryl-goryachuyu-liniyu-dlya-poiska-lyudey-v-kurskoy-oblasti/,none,0,place_economy
https://lenta.ru/news/2023/05/05/samolet/,demand,1,place_economy
https://lenta.ru/news/2024/08/13/glava-rossiyskogo-regiona-prizval-zhiteley-otdat-dnevnuyu-zarplatu-v-pomosch-kurskoy-oblasti/,fiscal,1,place_economy
https://lenta.ru/news/2024/12/03/boets-vsu-pereshel-na-storonu-rossii-v-kurskoy-oblasti-i-otkryl-ogon-po-svoim-pochemu-on-tak-postupil/,none,0,place_economy
https://lenta.ru/news/2023/10/30/v-dagestane-nazvali-chislo-postradavshih-iz-za-besporyadkov-v-aeroportu-mahachkaly/,demand,1,place_economy
https://lenta.ru/news/2024/05/31/istoricheskom/,none,0,place_economy
https://lenta.ru/news/2023/08/22/vlozheniya/,production_pos,1,place_economy
https://lenta.ru/news/2025/02/08/vlasti-moskvy-soobschili-o-postradavshih-v-rezultate-pozhara-na-elektrozavode/,emergency,1,place_economy
https://lenta.ru/news/2025/01/24/nazvany-rayony-moskvy-s-silnee-vsego-podeshevevshim-zhiliem/,prices,1,place_economy
https://lenta.ru/news/2025/01/14/glava-tatarstana-raskryl-detali-popytki-ataki-dalnoboynym-dronom-vsu-na-zavod-v-kazani/,attack,1,place_economy
https://lenta.ru/news/2023/06/19/complex/,production_pos,1,place_economy
https://lenta.ru/news/2023/10/29/tolpa-v-dagestane-prorvalas-na-kryshu-aeroporta-mahachkaly/,demand,1,place_economy
https://lenta.ru/news/2023/12/23/denspb/,none,0,place_economy
https://lenta.ru/news/2024/12/07/hinshteyn-nazval-situatsiyu-v-kurskoy-oblasti-neprostoy/,attack,1,place_economy
https://lenta.ru/news/2023/04/20/sklif/,none,0,place_economy
https://lenta.ru/news/2023/09/11/palcy/,none,0,place_economy
https://lenta.ru/news/2024/01/03/zhiteli-kurskoy-oblasti-ostalis-bez-sveta-posle-ataki-vsu/,attack,1,place_economy
